"id","name","latitude","longitude","control","anpby_2013_2014_raw","pra_raw","anpby_2013_2014","pra"
222178,"Abilene Christian University",32.5,-99.69999695,"Private not-for-profit","$19,356","26%",19356,0.26
188429,"Adelphi University",40.70000076,-73.69999695,"Private not-for-profit","$22,197","31%",22197,0.31
168528,"Adrian College",41.90000153,-84.09999847,"Private not-for-profit","$18,230","41%",18230,0.41000000000000003
138600,"Agnes Scott College",33.79999924,-84.30000305,"Private not-for-profit","$16,596","44%",16596,0.44
128498,"Albertus Magnus College",41.29999924,-72.90000153,"Private not-for-profit","$20,031","44%",20031,0.44
168546,"Albion College",42.20000076,-84.69999695,"Private not-for-profit","$17,795","25%",17795,0.25
210571,"Albright College",40.40000153,-75.90000153,"Private not-for-profit","$18,044","46%",18044,0.46
237118,"Alderson Broaddus University",39.20000076,-80,"Private not-for-profit","$13,931","48%",13931,0.48
188641,"Alfred University",42.29999924,-77.80000305,"Private not-for-profit","$12,992","39%",12992,0.39
210669,"Allegheny College",41.59999847,-80.09999847,"Private not-for-profit","$17,572","26%",17572,0.26
168591,"Alma College",43.40000153,-84.69999695,"Private not-for-profit","$16,633","29%",16633,0.29
210775,"Alvernia University",40.29999924,-75.90000153,"Private not-for-profit","$21,510","35%",21510,0.35000000000000003
238193,"Alverno College",43,-88,"Private not-for-profit","$14,136","61%",14136,0.61
164447,"American International College",42.09999847,-72.59999847,"Private not-for-profit","$17,160","51%",17160,0.51
131159,"American University",38.90000153,-77.09999847,"Private not-for-profit","$28,524","17%",28524,0.17
164465,"Amherst College",42.40000153,-72.5,"Private not-for-profit","$3,700","22%",3700,0.22
217633,"Anderson University",34.5,-82.59999847,"Private not-for-profit","$13,980","30%",13980,0.3
168740,"Andrews University",42,-86.40000153,"Private not-for-profit","$19,226","29%",19226,0.29
164492,"Anna Maria College",42.29999924,-71.90000153,"Private not-for-profit","$23,853","35%",23853,0.35000000000000003
211088,"Arcadia University                ",40.09999847,-75.19999695,"Private not-for-profit","$20,326","35%",20326,0.35000000000000003
106306,"Arkansas Baptist College",34.70000076,-92.30000305,"Private not-for-profit","$14,157","83%",14157,0.8300000000000001
109651,"Art Center College of Design",34.20000076,-118.1999969,"Private not-for-profit","$38,814","36%",38814,0.36
156213,"Asbury University",37.90000153,-84.69999695,"Private not-for-profit","$19,508","33%",19508,0.33
164562,"Assumption College",42.29999924,-71.80000305,"Private not-for-profit","$18,926","23%",18926,0.23
173045,"Augsburg College",45,-93.19999695,"Private not-for-profit","$17,952","43%",17952,0.43
143084,"Augustana College",41.5,-90.59999847,"Private not-for-profit","$17,645","23%",17645,0.23
219000,"Augustana College",43.5,-96.69999695,"Private not-for-profit","$14,173","21%",14173,0.21
143118,"Aurora University",41.79999924,-88.30000305,"Private not-for-profit","$13,647","42%",13647,0.42
222983,"Austin College",33.59999847,-96.59999847,"Private not-for-profit","$14,698","29%",14698,0.29
446048,"Ave Maria University",26.29999924,-81.40000153,"Private not-for-profit","$16,264","33%",16264,0.33
231420,"Averett University",36.59999847,-79.40000153,"Private not-for-profit","$20,629","51%",20629,0.51
109785,"Azusa Pacific University",34.09999847,-117.9000015,"Private not-for-profit","$26,717","29%",26717,0.29
164580,"Babson College",42.29999924,-71.30000305,"Private not-for-profit","$19,388","17%",19388,0.17
206817,"Bacone College",35.79999924,-95.30000305,"Private not-for-profit","$23,160","94%",23160,0.9400000000000001
168847,"Baker College of Flint",43,-83.69999695,"Private not-for-profit","$12,641","68%",12641,0.68
154688,"Baker University",38.79999924,-95.19999695,"Private not-for-profit","$15,814","38%",15814,0.38
201195,"Baldwin Wallace University",41.40000153,-81.80000305,"Private not-for-profit","$15,034","34%",15034,0.34
211024,"Baptist Bible College & Seminary of Pennsylvania",41.5,-75.69999695,"Private not-for-profit","$15,885","57%",15885,0.5700000000000001
219639,"Baptist Memorial College of Health Sciences",35.09999847,-90,"Private not-for-profit","$5,618","57%",5618,0.5700000000000001
189088,"Bard College",42,-73.90000153,"Private not-for-profit","$16,854","21%",16854,0.21
189097,"Barnard College",40.79999924,-74,"Private not-for-profit","$9,231","18%",9231,0.18
132471,"Barry University",25.89999962,-80.19999695,"Private not-for-profit","$22,275","50%",22275,0.5
197911,"Barton College",35.70000076,-77.90000153,"Private not-for-profit","$17,205","47%",17205,0.47000000000000003
160977,"Bates College",44.09999847,-70.19999695,"Private not-for-profit","$7,426","12%",7426,0.12
164632,"Bay Path College",42.09999847,-72.59999847,"Private not-for-profit","$16,248","54%",16248,0.54
223232,"Baylor University",31.5,-97.09999847,"Private not-for-profit","$26,449","21%",26449,0.21
164720,"Becker College",42.29999924,-71.80000305,"Private not-for-profit","$26,125","43%",26125,0.43
175421,"Belhaven University",32.29999924,-90.19999695,"Private not-for-profit","$16,471","49%",16471,0.49
156286,"Bellarmine University",38.20000076,-85.69999695,"Private not-for-profit","$18,508","24%",18508,0.24
180814,"Bellevue University",41.20000076,-95.90000153,"Private not-for-profit","$12,880","29%",12880,0.29
197984,"Belmont Abbey College",35.29999924,-81,"Private not-for-profit","$20,444","51%",20444,0.51
219709,"Belmont University",36.09999847,-86.80000305,"Private not-for-profit","$25,586","17%",25586,0.17
238333,"Beloit College",42.5,-89,"Private not-for-profit","$14,905","22%",14905,0.22
217721,"Benedict College",34,-81,"Private not-for-profit","$16,766","83%",16766,0.8300000000000001
154712,"Benedictine College",39.59999847,-95.09999847,"Private not-for-profit","$17,490","21%",17490,0.21
145619,"Benedictine University",41.79999924,-88.09999847,"Private not-for-profit","$16,935","37%",16935,0.37
230816,"Bennington College",42.90000153,-73.19999695,"Private not-for-profit","$18,233","23%",18233,0.23
164739,"Bentley University",42.40000153,-71.19999695,"Private not-for-profit","$18,420","16%",18420,0.16
164748,"Berklee College of Music",42.29999924,-71.09999847,"Private not-for-profit","$46,416","17%",46416,0.17
139144,"Berry College",34.29999924,-85.19999695,"Private not-for-profit","$18,300","26%",18300,0.26
237181,"Bethany College",40.20000076,-80.59999847,"Private not-for-profit","$17,907","48%",17907,0.48
173142,"Bethany Lutheran College",44.20000076,-94,"Private not-for-profit","$12,818","40%",12818,0.4
150145,"Bethel College-Indiana",41.70000076,-86.19999695,"Private not-for-profit","$14,273","51%",14273,0.51
173160,"Bethel University",45.09999847,-93.19999695,"Private not-for-profit","$18,198","27%",18198,0.27
219718,"Bethel University",36.09999847,-88.5,"Private not-for-profit","$19,730","61%",19730,0.61
132602,"Bethune-Cookman University",29.20000076,-81,"Private not-for-profit","$15,231","78%",15231,0.78
110097,"Biola University",33.90000153,-118,"Private not-for-profit","$25,064","31%",25064,0.31
100937,"Birmingham Southern College",33.5,-86.90000153,"Private not-for-profit","$13,621","19%",13621,0.19
183822,"Bloomfield College",40.79999924,-74.19999695,"Private not-for-profit","$16,775","67%",16775,0.67
231554,"Bluefield College",37.20000076,-81.19999695,"Private not-for-profit","$18,649","45%",18649,0.45
201371,"Bluffton University",40.90000153,-83.90000153,"Private not-for-profit","$19,809","41%",19809,0.41000000000000003
189413,"Boricua College",40.79999924,-73.90000153,"Private not-for-profit","$20,559","93%",20559,0.93
164872,"Boston Architectural College",42.29999924,-71.09999847,"Private not-for-profit","$31,575","29%",31575,0.29
164924,"Boston College",42.29999924,-71.19999695,"Private not-for-profit","$15,714","13%",15714,0.13
164988,"Boston University",42.29999924,-71.09999847,"Private not-for-profit","$22,695","14%",22695,0.14
161004,"Bowdoin College",43.90000153,-70,"Private not-for-profit","$5,925","14%",5925,0.14
143358,"Bradley University",40.70000076,-89.59999847,"Private not-for-profit","$18,159","25%",18159,0.25
165015,"Brandeis University",42.40000153,-71.30000305,"Private not-for-profit","$13,311","20%",13311,0.2
139199,"Brenau University",34.29999924,-83.80000305,"Private not-for-profit","$16,673","36%",16673,0.36
152992,"Briar Cliff University",42.5,-96.40000153,"Private not-for-profit","$13,637","45%",13637,0.45
217156,"Brown University",41.79999924,-71.40000153,"Private not-for-profit","$3,186","16%",3186,0.16
219790,"Bryan College-Dayton",35.5,-85,"Private not-for-profit","$10,997","37%",10997,0.37
217165,"Bryant University",41.90000153,-71.5,"Private not-for-profit","$30,535","17%",30535,0.17
211273,"Bryn Mawr College",40,-75.30000305,"Private not-for-profit","$12,892","16%",12892,0.16
211291,"Bucknell University",41,-76.90000153,"Private not-for-profit","$18,794","12%",18794,0.12
153001,"Buena Vista University",42.59999847,-95.19999695,"Private not-for-profit","$15,926","49%",15926,0.49
150163,"Butler University",39.79999924,-86.19999695,"Private not-for-profit","$23,902","16%",23902,0.16
154721,"Bethany College",38.59999847,-97.69999695,"Private not-for-profit","$14,383","40%",14383,0.4
458113,"Bethel College",37,-76.40000153,"Private not-for-profit","$12,472","63%",12472,0.63
211352,"Cabrini College",40.09999847,-75.40000153,"Private not-for-profit","$21,494","36%",21494,0.36
183910,"Caldwell College",40.79999924,-74.30000305,"Private not-for-profit","$15,850","42%",15850,0.42
110361,"California Baptist University",33.90000153,-117.4000015,"Private not-for-profit","$22,748","48%",22748,0.48
110370,"California College of the Arts",37.79999924,-122.4000015,"Private not-for-profit","$23,870","33%",23870,0.33
110404,"California Institute of Technology",34.09999847,-118.0999985,"Private not-for-profit","$6,696","11%",6696,0.11
111081,"California Institute of the Arts",34.40000153,-118.5999985,"Private not-for-profit","$38,518","32%",38518,0.32
110413,"California Lutheran University",34.20000076,-118.9000015,"Private not-for-profit","$21,751","27%",21751,0.27
150172,"Calumet College of Saint Joseph",41.70000076,-87.5,"Private not-for-profit","$8,886","44%",8886,0.44
169080,"Calvin College",42.90000153,-85.59999847,"Private not-for-profit","$15,867","23%",15867,0.23
165167,"Cambridge College",42.40000153,-71.09999847,"Private not-for-profit","$19,176","39%",19176,0.39
198136,"Campbell University",35.40000153,-78.69999695,"Private not-for-profit","$20,812","38%",20812,0.38
156365,"Campbellsville University",37.29999924,-85.30000305,"Private not-for-profit","$12,526","42%",12526,0.42
189705,"Canisius College",42.90000153,-78.90000153,"Private not-for-profit","$13,645","30%",13645,0.3
201548,"Capital University",40,-82.90000153,"Private not-for-profit","$19,928","31%",19928,0.31
162061,"Capitol College",39,-76.90000153,"Private not-for-profit","$15,346","31%",15346,0.31
238430,"Cardinal Stritch University",43.09999847,-87.90000153,"Private not-for-profit","$15,622","43%",15622,0.43
173258,"Carleton College",44.5,-93.19999695,"Private not-for-profit","$11,760","13%",11760,0.13
211431,"Carlow University",40.40000153,-80,"Private not-for-profit","$15,016","34%",15016,0.34
211440,"Carnegie Mellon University",40.40000153,-79.90000153,"Private not-for-profit","$20,431","14%",20431,0.14
180106,"Carroll College",46.59999847,-112,"Private not-for-profit","$19,955","21%",19955,0.21
238458,"Carroll University",43,-88.19999695,"Private not-for-profit","$18,119","27%",18119,0.27
219806,"Carson-Newman University",36.09999847,-83.5,"Private not-for-profit","$10,393","40%",10393,0.4
238476,"Carthage College",42.59999847,-87.80000305,"Private not-for-profit","$22,798","28%",22798,0.28
201645,"Case Western Reserve University",41.5,-81.59999847,"Private not-for-profit","$14,583","19%",14583,0.19
198215,"Catawba College",35.70000076,-80.5,"Private not-for-profit","$16,766","45%",16766,0.45
131283,"Catholic University of America",38.90000153,-77,"Private not-for-profit","$29,820","13%",29820,0.13
189848,"Cazenovia College",42.90000153,-75.90000153,"Private not-for-profit","$10,575","43%",10575,0.43
211468,"Cedar Crest College",40.59999847,-75.5,"Private not-for-profit","$13,935","41%",13935,0.41000000000000003
201654,"Cedarville University",39.79999924,-83.80000305,"Private not-for-profit","$17,277","22%",17277,0.22
183974,"Centenary College",40.79999924,-74.80000305,"Private not-for-profit","$16,022","32%",16022,0.32
158477,"Centenary College of Louisiana",32.5,-93.69999695,"Private not-for-profit","$16,346","35%",16346,0.35000000000000003
154855,"Central Christian College of Kansas",38.40000153,-97.69999695,"Private not-for-profit","$15,158","39%",15158,0.39
153108,"Central College",41.40000153,-92.90000153,"Private not-for-profit","$15,741","25%",15741,0.25
176947,"Central Methodist University-College of Liberal Arts and Sciences",39.20000076,-92.69999695,"Private not-for-profit","$14,011","42%",14011,0.42
156408,"Centre College",37.59999847,-84.80000305,"Private not-for-profit","$15,528","15%",15528,0.15
230852,"Champlain College",44.5,-73.19999695,"Private not-for-profit","$23,259","26%",23259,0.26
111948,"Chapman University",33.79999924,-117.9000015,"Private not-for-profit","$25,423","20%",25423,0.2
217688,"Charleston Southern University",33,-80.09999847,"Private not-for-profit","$17,676","47%",17676,0.47000000000000003
211556,"Chatham University",40.40000153,-79.90000153,"Private not-for-profit","$9,608","30%",9608,0.3
211583,"Chestnut Hill College",40.09999847,-75.19999695,"Private not-for-profit","$25,476","47%",25476,0.47000000000000003
198303,"Chowan University",36.40000153,-77.09999847,"Private not-for-profit","$12,073","69%",12073,0.6900000000000001
201858,"Cincinnati Christian University",39.09999847,-84.59999847,"Private not-for-profit","$13,938","50%",13938,0.5
217873,"Claflin University",33.5,-80.90000153,"Private not-for-profit","$20,241","84%",20241,0.84
112260,"Claremont McKenna College",34.09999847,-117.6999969,"Private not-for-profit","$9,225","12%",9225,0.12
138947,"Clark Atlanta University",33.70000076,-84.40000153,"Private not-for-profit","$30,500","72%",30500,0.72
165334,"Clark University",42.29999924,-71.80000305,"Private not-for-profit","$17,438","23%",17438,0.23
153126,"Clarke University",42.5,-90.69999695,"Private not-for-profit","$21,903","39%",21903,0.39
180832,"Clarkson College",41.29999924,-96,"Private not-for-profit","$17,396","36%",17396,0.36
190044,"Clarkson University",44.70000076,-75,"Private not-for-profit","$17,406","28%",17406,0.28
153144,"Coe College",42,-91.69999695,"Private not-for-profit","$18,677","27%",18677,0.27
217907,"Coker College",34.40000153,-80.09999847,"Private not-for-profit","$14,493","57%",14493,0.5700000000000001
161086,"Colby College",44.59999847,-69.69999695,"Private not-for-profit","$1,710","12%",1710,0.12
182634,"Colby-Sawyer College",43.40000153,-72,"Private not-for-profit","$13,617","36%",13617,0.36
190099,"Colgate University",42.79999924,-75.5,"Private not-for-profit","$12,034","11%",12034,0.11
169442,"College for Creative Studies",42.40000153,-83.09999847,"Private not-for-profit","$29,757","34%",29757,0.34
193399,"College of Mount Saint Vincent",40.90000153,-73.90000153,"Private not-for-profit","$16,099","52%",16099,0.52
204200,"College of Mount St Joseph",39.09999847,-84.59999847,"Private not-for-profit","$12,889","31%",12889,0.31
167394,"College of Our Lady of the Elms",42.09999847,-72.59999847,"Private not-for-profit","$16,666","43%",16666,0.43
174747,"College of Saint Benedict",45.59999847,-94.30000305,"Private not-for-profit","$14,406","24%",14406,0.24
186618,"College of Saint Elizabeth",40.79999924,-74.40000153,"Private not-for-profit","$12,522","39%",12522,0.39
181604,"College of Saint Mary",41.20000076,-96,"Private not-for-profit","$16,340","40%",16340,0.4
166124,"College of the Holy Cross",42.20000076,-71.80000305,"Private not-for-profit","$11,808","17%",11808,0.17
178697,"College of the Ozarks",36.59999847,-93.19999695,"Private not-for-profit","$10,296","64%",10296,0.64
174932,"College of Visual Arts",44.90000153,-93.09999847,"Private not-for-profit",,,0,0
126669,"Colorado Christian University",39.70000076,-105.0999985,"Private not-for-profit","$21,405","31%",21405,0.31
126678,"Colorado College",38.79999924,-104.8000031,"Private not-for-profit","$13,459","10%",13459,0.1
177065,"Columbia College",39,-92.30000305,"Private not-for-profit","$12,575","54%",12575,0.54
217934,"Columbia College",34.09999847,-81,"Private not-for-profit","$12,889","56%",12889,0.56
144281,"Columbia College-Chicago",41.90000153,-87.59999847,"Private not-for-profit","$24,913","38%",24913,0.38
190150,"Columbia University in the City of New York",40.79999924,-74,"Private not-for-profit","$9,142","21%",9142,0.21
202170,"Columbus College of Art and Design",40,-83,"Private not-for-profit","$26,881","38%",26881,0.38
173300,"Concordia College at Moorhead",46.90000153,-96.80000305,"Private not-for-profit","$15,766","23%",15766,0.23
190248,"Concordia College-New York",40.90000153,-73.80000305,"Private not-for-profit","$16,641","43%",16641,0.43
112075,"Concordia University-Irvine",33.70000076,-117.8000031,"Private not-for-profit","$21,191","29%",21191,0.29
180984,"Concordia University-Nebraska",40.90000153,-97.09999847,"Private not-for-profit","$15,070","21%",15070,0.21
208488,"Concordia University-Portland",45.59999847,-122.5999985,"Private not-for-profit","$17,960","46%",17960,0.46
173328,"Concordia University-Saint Paul",45,-93.19999695,"Private not-for-profit","$14,703","37%",14703,0.37
238616,"Concordia University-Wisconsin",43.29999924,-87.90000153,"Private not-for-profit","$19,494","35%",19494,0.35000000000000003
128902,"Connecticut College",41.40000153,-72.09999847,"Private not-for-profit","$9,282","14%",9282,0.14
217961,"Converse College",35,-81.90000153,"Private not-for-profit","$16,903","44%",16903,0.44
190372,"Cooper Union for the Advancement of Science and Art",40.70000076,-74,"Private not-for-profit","$9,608","19%",9608,0.19
210331,"Corban University",44.90000153,-123,"Private not-for-profit","$17,880","41%",17880,0.41000000000000003
153162,"Cornell College",41.90000153,-91.40000153,"Private not-for-profit","$15,723","34%",15723,0.34
190415,"Cornell University",42.40000153,-76.5,"Private not-for-profit","$11,665","16%",11665,0.16
170037,"Cornerstone University",43,-85.59999847,"Private not-for-profit","$19,377","42%",19377,0.42
235024,"Cornish College of the Arts",47.59999847,-122.3000031,"Private not-for-profit","$25,150","38%",25150,0.38
139393,"Covenant College",35,-85.40000153,"Private not-for-profit","$15,834","29%",15834,0.29
181002,"Creighton University",41.29999924,-95.90000153,"Private not-for-profit","$19,192","18%",19192,0.18
174862,"Crown College",44.90000153,-93.69999695,"Private not-for-profit","$21,707","50%",21707,0.5
190503,"Culinary Institute of America",41.70000076,-73.90000153,"Private not-for-profit","$26,280","28%",26280,0.28
177144,"Culver-Stockton College",40.09999847,-91.5,"Private not-for-profit","$15,144","51%",15144,0.51
219949,"Cumberland University",36.20000076,-86.30000305,"Private not-for-profit","$16,600","37%",16600,0.37
165529,"Curry College",42.20000076,-71.09999847,"Private not-for-profit","$25,685","26%",25685,0.26
219091,"Dakota Wesleyan University",43.70000076,-98,"Private not-for-profit","$13,800","39%",13800,0.39
224226,"Dallas Baptist University",32.70000076,-96.90000153,"Private not-for-profit","$20,332","29%",20332,0.29
182670,"Dartmouth College",43.70000076,-72.30000305,"Private not-for-profit","$7,529","14%",7529,0.14
169479,"Davenport University",42.79999924,-85.5,"Private not-for-profit","$15,914","53%",15914,0.53
198385,"Davidson College",35.5,-80.80000305,"Private not-for-profit","$8,289","13%",8289,0.13
237358,"Davis & Elkins College",38.90000153,-79.80000305,"Private not-for-profit","$16,515","42%",16515,0.42
165574,"Dean College",42.09999847,-71.40000153,"Private not-for-profit","$19,390","32%",19390,0.32
202514,"Defiance College",41.29999924,-84.40000153,"Private not-for-profit","$20,575","45%",20575,0.45
211981,"Delaware Valley College",40.29999924,-75.19999695,"Private not-for-profit","$23,118","28%",23118,0.28
202523,"Denison University",40.09999847,-82.5,"Private not-for-profit","$13,298","18%",13298,0.18
144740,"DePaul University",41.90000153,-87.69999695,"Private not-for-profit","$22,223","35%",22223,0.35000000000000003
150400,"DePauw University",39.59999847,-86.90000153,"Private not-for-profit","$14,324","19%",14324,0.19
210739,"DeSales University",40.5,-75.40000153,"Private not-for-profit","$20,587","28%",20587,0.28
212009,"Dickinson College",40.20000076,-77.19999695,"Private not-for-profit","$14,762","11%",14762,0.11
158802,"Dillard University",30,-90.09999847,"Private not-for-profit","$14,252","74%",14252,0.74
181020,"Doane College-Crete",40.59999847,-96.90000153,"Private not-for-profit","$17,707","32%",17707,0.32
190761,"Dominican College of Blauvelt",41.09999847,-74,"Private not-for-profit","$16,393","43%",16393,0.43
148496,"Dominican University",41.90000153,-87.80000305,"Private not-for-profit","$13,418","43%",13418,0.43
113698,"Dominican University of California",38,-122.5,"Private not-for-profit","$27,226","33%",27226,0.33
153250,"Dordt College",43.09999847,-96.19999695,"Private not-for-profit","$21,485","29%",21485,0.29
190770,"Dowling College",40.70000076,-73.19999695,"Private not-for-profit","$19,560","25%",19560,0.25
153269,"Drake University",41.59999847,-93.69999695,"Private not-for-profit","$18,719","17%",18719,0.17
184348,"Drew University",40.79999924,-74.40000153,"Private not-for-profit","$15,359","31%",15359,0.31
212054,"Drexel University",40,-75.19999695,"Private not-for-profit","$26,588","21%",26588,0.21
177214,"Drury University",37.20000076,-93.30000305,"Private not-for-profit","$23,295","51%",23295,0.51
198419,"Duke University",36,-78.90000153,"Private not-for-profit","$8,777","14%",8777,0.14
175227,"Dunwoody College of Technology",45,-93.30000305,"Private not-for-profit","$26,721","59%",26721,0.59
212106,"Duquesne University",40.40000153,-80,"Private not-for-profit","$17,295","20%",17295,0.2
190716,"D'Youville College",42.90000153,-78.90000153,"Private not-for-profit","$13,353","34%",13353,0.34
150455,"Earlham College",39.79999924,-84.90000153,"Private not-for-profit","$12,618","28%",12618,0.28
224527,"East Texas Baptist University",32.59999847,-94.40000153,"Private not-for-profit","$15,812","46%",15812,0.46
232043,"Eastern Mennonite University",38.5,-78.90000153,"Private not-for-profit","$17,984","32%",17984,0.32
165644,"Eastern Nazarene College",42.29999924,-71,"Private not-for-profit","$12,527","48%",12527,0.48
212133,"Eastern University",40.09999847,-75.40000153,"Private not-for-profit","$18,910","39%",18910,0.39
133492,"Eckerd College",27.70000076,-82.69999695,"Private not-for-profit","$24,408","23%",24408,0.23
238661,"Edgewood College",43.09999847,-89.40000153,"Private not-for-profit","$16,690","33%",16690,0.33
133526,"Edward Waters College",30.29999924,-81.69999695,"Private not-for-profit","$11,634","95%",11634,0.9500000000000001
212197,"Elizabethtown College",40.20000076,-76.59999847,"Private not-for-profit","$20,707","21%",20707,0.21
144962,"Elmhurst College",41.90000153,-87.90000153,"Private not-for-profit","$12,817","30%",12817,0.3
190983,"Elmira College",42.09999847,-76.80000305,"Private not-for-profit","$23,711","31%",23711,0.31
198516,"Elon University",36.09999847,-79.5,"Private not-for-profit","$23,385","9%",23385,0.09
165662,"Emerson College",42.40000153,-71.09999847,"Private not-for-profit","$30,287","17%",30287,0.17
139630,"Emmanuel College",34.29999924,-83.09999847,"Private not-for-profit","$14,278","45%",14278,0.45
165671,"Emmanuel College",42.29999924,-71.09999847,"Private not-for-profit","$25,607","22%",25607,0.22
232025,"Emory & Henry College",36.79999924,-81.80000305,"Private not-for-profit","$14,124","36%",14124,0.36
139658,"Emory University",33.79999924,-84.30000305,"Private not-for-profit","$15,535","21%",15535,0.21
165699,"Endicott College",42.59999847,-70.80000305,"Private not-for-profit","$27,459","17%",27459,0.17
217998,"Erskine College",34.29999924,-82.40000153,"Private not-for-profit","$15,066","38%",15066,0.38
144971,"Eureka College",40.70000076,-89.30000305,"Private not-for-profit","$15,671","42%",15671,0.42
177339,"Evangel University",37.20000076,-93.30000305,"Private not-for-profit","$17,922","49%",17922,0.49
129242,"Fairfield University",41.20000076,-73.30000305,"Private not-for-profit","$27,433","13%",27433,0.13
184694,"Fairleigh Dickinson University-College at Florham",40.79999924,-74.40000153,"Private not-for-profit","$14,041","35%",14041,0.35000000000000003
184603,"Fairleigh Dickinson University-Metropolitan Campus",40.90000153,-74,"Private not-for-profit","$14,686","28%",14686,0.28
101189,"Faulkner University",32.40000153,-86.19999695,"Private not-for-profit","$19,247","58%",19247,0.58
184612,"Felician College",40.90000153,-74.09999847,"Private not-for-profit","$14,509","48%",14509,0.48
232089,"Ferrum College",36.90000153,-80,"Private not-for-profit","$17,999","58%",17999,0.58
133711,"Flagler College-St Augustine",29.89999962,-81.30000305,"Private not-for-profit","$16,596","30%",16596,0.3
133881,"Florida Institute of Technology",28.10000038,-80.59999847,"Private not-for-profit","$24,562","23%",24562,0.23
133979,"Florida Memorial University",25.89999962,-80.30000305,"Private not-for-profit","$15,970","76%",15970,0.76
134079,"Florida Southern College",28,-81.90000153,"Private not-for-profit","$19,173","33%",19173,0.33
177418,"Fontbonne University",38.59999847,-90.30000305,"Private not-for-profit","$10,924","34%",10924,0.34
191241,"Fordham University",40.90000153,-73.90000153,"Private not-for-profit","$24,556","20%",24556,0.2
205957,"Franciscan University of Steubenville",40.40000153,-80.59999847,"Private not-for-profit","$23,087","26%",23087,0.26
212577,"Franklin and Marshall College",40,-76.30000305,"Private not-for-profit","$10,661","15%",10661,0.15
150604,"Franklin College",39.5,-86,"Private not-for-profit","$14,024","39%",14024,0.39
182795,"Franklin Pierce University",42.79999924,-72.09999847,"Private not-for-profit","$31,696","32%",31696,0.32
202806,"Franklin University",40,-83,"Private not-for-profit","$21,927","46%",21927,0.46
220215,"Freed-Hardeman University",35.40000153,-88.59999847,"Private not-for-profit","$13,347","32%",13347,0.32
114813,"Fresno Pacific University",36.70000076,-119.6999969,"Private not-for-profit","$17,174","56%",17174,0.56
155089,"Friends University",37.70000076,-97.40000153,"Private not-for-profit","$13,826","46%",13826,0.46
218070,"Furman University",34.90000153,-82.40000153,"Private not-for-profit","$23,580","13%",23580,0.13
131450,"Gallaudet University",38.90000153,-77,"Private not-for-profit","$11,794","53%",11794,0.53
212601,"Gannon University",42.09999847,-80.09999847,"Private not-for-profit","$16,134","29%",16134,0.29
198561,"Gardner-Webb University",35.20000076,-81.69999695,"Private not-for-profit","$17,912","24%",17912,0.24
212656,"Geneva College",40.79999924,-80.40000153,"Private not-for-profit","$14,373","39%",14373,0.39
208822,"George Fox University",45.29999924,-123,"Private not-for-profit","$20,003","34%",20003,0.34
131469,"George Washington University",38.90000153,-77,"Private not-for-profit","$19,494","14%",19494,0.14
156745,"Georgetown College",38.20000076,-84.59999847,"Private not-for-profit","$15,414","37%",15414,0.37
131496,"Georgetown University",38.90000153,-77.09999847,"Private not-for-profit","$9,638","13%",9638,0.13
184773,"Georgian Court University",40.09999847,-74.19999695,"Private not-for-profit","$16,488","42%",16488,0.42
212674,"Gettysburg College",39.79999924,-77.19999695,"Private not-for-profit","$16,206","13%",16206,0.13
130989,"Goldey-Beacom College",39.70000076,-75.69999695,"Private not-for-profit","$19,109","38%",19109,0.38
235316,"Gonzaga University",47.70000076,-117.4000015,"Private not-for-profit","$20,739","18%",20739,0.18
165936,"Gordon College",42.59999847,-70.80000305,"Private not-for-profit","$23,914","22%",23914,0.22
150668,"Goshen College",41.59999847,-85.80000305,"Private not-for-profit","$14,548","31%",14548,0.31
162654,"Goucher College",39.40000153,-76.59999847,"Private not-for-profit","$18,815","25%",18815,0.25
150677,"Grace College and Theological Seminary",41.20000076,-85.80000305,"Private not-for-profit","$15,147","30%",15147,0.3
153366,"Graceland University-Lamoni",40.59999847,-93.90000153,"Private not-for-profit","$14,923","43%",14923,0.43
153375,"Grand View University",41.59999847,-93.59999847,"Private not-for-profit","$15,939","43%",15939,0.43
198598,"Greensboro College",36.09999847,-79.80000305,"Private not-for-profit","$18,870","43%",18870,0.43
145372,"Greenville College",38.90000153,-89.40000153,"Private not-for-profit","$15,427","40%",15427,0.4
153384,"Grinnell College",41.70000076,-92.69999695,"Private not-for-profit","$8,112","24%",8112,0.24
198613,"Guilford College",36.09999847,-79.90000153,"Private not-for-profit","$18,544","43%",18544,0.43
173647,"Gustavus Adolphus College",44.29999924,-94,"Private not-for-profit","$13,986","25%",13986,0.25
212832,"Gwynedd Mercy University",40.20000076,-75.19999695,"Private not-for-profit","$20,686","36%",20686,0.36
191515,"Hamilton College",43,-75.40000153,"Private not-for-profit","$4,573","14%",4573,0.14
173665,"Hamline University",45,-93.19999695,"Private not-for-profit","$17,015","38%",17015,0.38
232256,"Hampden-Sydney College",37.20000076,-78.5,"Private not-for-profit","$19,461","20%",19461,0.2
166018,"Hampshire College",42.29999924,-72.5,"Private not-for-profit","$25,684","24%",25684,0.24
232265,"Hampton University",37,-76.30000305,"Private not-for-profit","$25,022","38%",25022,0.38
177542,"Hannibal-LaGrange University",39.70000076,-91.40000153,"Private not-for-profit","$14,959","32%",14959,0.32
150756,"Hanover College",38.70000076,-85.5,"Private not-for-profit","$15,052","32%",15052,0.32
107044,"Harding University",35.20000076,-91.69999695,"Private not-for-profit","$21,256","27%",21256,0.27
225247,"Hardin-Simmons University",32.5,-99.69999695,"Private not-for-profit","$18,024","33%",18024,0.33
191533,"Hartwick College",42.5,-75.09999847,"Private not-for-profit","$19,153","32%",19153,0.32
166027,"Harvard University",42.40000153,-71.09999847,"Private not-for-profit","$2,473","13%",2473,0.13
115409,"Harvey Mudd College",34.09999847,-117.6999969,"Private not-for-profit","$8,770","14%",8770,0.14
181127,"Hastings College",40.59999847,-98.40000153,"Private not-for-profit","$14,698","31%",14698,0.31
212911,"Haverford College",40,-75.30000305,"Private not-for-profit","$8,881","15%",8881,0.15
203085,"Heidelberg University",41.09999847,-83.19999695,"Private not-for-profit","$14,337","43%",14337,0.43
107080,"Hendrix College",35.09999847,-92.40000153,"Private not-for-profit","$19,050","19%",19050,0.19
235422,"Heritage University",46.40000153,-120.4000015,"Private not-for-profit","$10,069","77%",10069,0.77
198695,"High Point University",36,-80,"Private not-for-profit","$30,779","12%",30779,0.12
191621,"Hilbert College",42.79999924,-78.80000305,"Private not-for-profit","$11,574","47%",11574,0.47000000000000003
203128,"Hiram College",41.29999924,-81.09999847,"Private not-for-profit","$18,635","44%",18635,0.44
191630,"Hobart William Smith Colleges",42.90000153,-77,"Private not-for-profit","$11,994","16%",11994,0.16
367884,"Hodges University",26.29999924,-81.69999695,"Private not-for-profit","$16,357","70%",16357,0.7000000000000001
191649,"Hofstra University",40.70000076,-73.59999847,"Private not-for-profit","$26,809","23%",26809,0.23
232308,"Hollins University",37.40000153,-79.90000153,"Private not-for-profit","$16,765","41%",16765,0.41000000000000003
212984,"Holy Family University",40.09999847,-75,"Private not-for-profit","$12,790","36%",12790,0.36
115728,"Holy Names University",37.79999924,-122.1999969,"Private not-for-profit","$22,602","47%",22602,0.47000000000000003
162760,"Hood College",39.40000153,-77.40000153,"Private not-for-profit","$16,463","35%",16463,0.35000000000000003
170301,"Hope College",42.79999924,-86.09999847,"Private not-for-profit","$13,464","21%",13464,0.21
120537,"Hope International University",33.90000153,-117.9000015,"Private not-for-profit","$20,216","53%",20216,0.53
191676,"Houghton College",42.40000153,-78.19999695,"Private not-for-profit","$16,869","41%",16869,0.41000000000000003
225399,"Houston Baptist University",29.70000076,-95.5,"Private not-for-profit","$17,670","49%",17670,0.49
225548,"Howard Payne University",31.70000076,-99,"Private not-for-profit","$16,626","45%",16626,0.45
131520,"Howard University",38.90000153,-77,"Private not-for-profit","$21,277","48%",21277,0.48
115773,"Humphreys College-Stockton and Modesto Campuses",38,-121.3000031,"Private not-for-profit","$14,910","71%",14910,0.71
101435,"Huntingdon College",32.40000153,-86.30000305,"Private not-for-profit","$16,817","40%",16817,0.4
150941,"Huntington University",40.90000153,-85.5,"Private not-for-profit","$12,556","37%",12556,0.37
161165,"Husson University",44.79999924,-68.80000305,"Private not-for-profit","$11,589","43%",11589,0.43
225575,"Huston-Tillotson University",30.29999924,-97.69999695,"Private not-for-profit","$17,201","70%",17201,0.7000000000000001
145691,"Illinois College",39.70000076,-90.19999695,"Private not-for-profit","$12,266","37%",12266,0.37
145725,"Illinois Institute of Technology",41.79999924,-87.59999847,"Private not-for-profit","$15,042","31%",15042,0.31
145646,"Illinois Wesleyan University",40.5,-89,"Private not-for-profit","$16,296","19%",16296,0.19
213011,"Immaculata University",40,-75.59999847,"Private not-for-profit","$26,742","23%",26742,0.23
151290,"Indiana Institute of Technology",41.09999847,-85.09999847,"Private not-for-profit","$25,957","65%",25957,0.65
151801,"Indiana Wesleyan University",40.5,-85.69999695,"Private not-for-profit","$26,056","38%",26056,0.38
191931,"Iona College",40.90000153,-73.80000305,"Private not-for-profit","$20,285","26%",20285,0.26
191968,"Ithaca College",42.40000153,-76.5,"Private not-for-profit","$22,302","20%",22302,0.2
134945,"Jacksonville University",30.39999962,-81.59999847,"Private not-for-profit","$17,995","30%",17995,0.3
231837,"Jefferson College of Health Sciences",37.29999924,-79.90000153,"Private not-for-profit","$21,997","42%",21997,0.42
107141,"John Brown University",36.20000076,-94.59999847,"Private not-for-profit","$15,351","31%",15351,0.31
203368,"John Carroll University",41.5,-81.5,"Private not-for-profit","$15,303","25%",15303,0.25
162928,"Johns Hopkins University",39.29999924,-76.59999847,"Private not-for-profit","$10,049","13%",10049,0.13
439288,"Johnson & Wales University-Denver",39.70000076,-104.9000015,"Private not-for-profit","$22,573","38%",22573,0.38
217235,"Johnson & Wales University-Providence",41.79999924,-71.40000153,"Private not-for-profit","$21,831","34%",21831,0.34
198756,"Johnson C Smith University",35.20000076,-80.90000153,"Private not-for-profit","$19,002","66%",19002,0.66
146339,"Judson University",42.09999847,-88.30000305,"Private not-for-profit","$15,239","44%",15239,0.44
213251,"Juniata College",40.5,-78,"Private not-for-profit","$15,772","21%",15772,0.21
170532,"Kalamazoo College",42.29999924,-85.59999847,"Private not-for-profit","$14,343","20%",14343,0.2
177746,"Kansas City Art Institute",39,-94.59999847,"Private not-for-profit","$25,257","42%",25257,0.42
203535,"Kenyon College",40.40000153,-82.40000153,"Private not-for-profit","$2,813","10%",2813,0.1
203544,"Kettering College",39.70000076,-84.19999695,"Private not-for-profit","$12,787","37%",12787,0.37
169983,"Kettering University",43,-83.69999695,"Private not-for-profit","$28,750","26%",28750,0.26
192192,"Keuka College",42.59999847,-77.09999847,"Private not-for-profit","$21,357","43%",21357,0.43
213303,"Keystone College",41.59999847,-75.80000305,"Private not-for-profit","$15,061","59%",15061,0.59
220516,"King University",36.59999847,-82.19999695,"Private not-for-profit","$16,651","46%",16651,0.46
213321,"King's College",41.20000076,-75.90000153,"Private not-for-profit","$18,704","29%",18704,0.29
146427,"Knox College",40.90000153,-90.40000153,"Private not-for-profit","$16,621","29%",16621,0.29
213358,"La Roche College",40.59999847,-80,"Private not-for-profit","$18,620","36%",18620,0.36
213367,"La Salle University",40,-75.19999695,"Private not-for-profit","$23,207","37%",23207,0.37
117627,"La Sierra University",33.90000153,-117.5,"Private not-for-profit","$20,027","52%",20027,0.52
213385,"Lafayette College",40.70000076,-75.19999695,"Private not-for-profit","$11,995","11%",11995,0.11
140234,"LaGrange College",33,-85,"Private not-for-profit","$20,053","45%",20053,0.45
203580,"Lake Erie College",41.70000076,-81.30000305,"Private not-for-profit","$16,122","37%",16122,0.37
146481,"Lake Forest College",42.29999924,-87.80000305,"Private not-for-profit","$15,858","33%",15858,0.33
238980,"Lakeland College",43.79999924,-87.90000153,"Private not-for-profit","$17,756","34%",17756,0.34
213400,"Lancaster Bible College",40.09999847,-76.30000305,"Private not-for-profit","$14,257","40%",14257,0.4
220598,"Lane College",35.59999847,-88.80000305,"Private not-for-profit","$12,336","24%",12336,0.24
166391,"Lasell College",42.29999924,-71.19999695,"Private not-for-profit","$21,854","34%",21854,0.34
170675,"Lawrence Technological University",42.5,-83.30000305,"Private not-for-profit","$23,334","17%",23334,0.17
239017,"Lawrence University",44.29999924,-88.40000153,"Private not-for-profit","$16,582","22%",16582,0.22
192323,"Le Moyne College",43,-76.09999847,"Private not-for-profit","$15,042","32%",15042,0.32
213507,"Lebanon Valley College",40.29999924,-76.5,"Private not-for-profit","$19,642","24%",19642,0.24
220613,"Lee University",35.20000076,-84.90000153,"Private not-for-profit","$12,273","37%",12273,0.37
198808,"Lees-McRae College",36.20000076,-81.90000153,"Private not-for-profit","$16,030","48%",16030,0.48
213543,"Lehigh University",40.59999847,-75.40000153,"Private not-for-profit","$15,155","15%",15155,0.15
198835,"Lenoir-Rhyne University",35.70000076,-81.30000305,"Private not-for-profit","$16,070","43%",16070,0.43
166452,"Lesley University",42.40000153,-71.09999847,"Private not-for-profit","$26,506","27%",26506,0.27
226231,"LeTourneau University",32.5,-94.69999695,"Private not-for-profit","$17,026","38%",17026,0.38
209056,"Lewis & Clark College",45.5,-122.6999969,"Private not-for-profit","$22,722","21%",22722,0.21
146612,"Lewis University",41.59999847,-88.09999847,"Private not-for-profit","$13,046","32%",13046,0.32
232557,"Liberty University",37.40000153,-79.19999695,"Private not-for-profit","$23,428","50%",23428,0.5
218238,"Limestone College",35.09999847,-81.59999847,"Private not-for-profit","$20,990","52%",20990,0.52
146667,"Lincoln Christian University",40.09999847,-89.30000305,"Private not-for-profit","$15,055","52%",15055,0.52
146676,"Lincoln College",40.20000076,-89.40000153,"Private not-for-profit","$15,314","59%",15314,0.59
177968,"Lindenwood University",38.79999924,-90.5,"Private not-for-profit","$20,308","33%",20308,0.33
157216,"Lindsey Wilson College",37.09999847,-85.30000305,"Private not-for-profit","$15,472","62%",15472,0.62
209065,"Linfield College-McMinnville Campus",45.20000076,-123.1999969,"Private not-for-profit","$19,344","25%",19344,0.25
219976,"Lipscomb University",36.09999847,-86.80000305,"Private not-for-profit","$18,680","25%",18680,0.25
198862,"Livingstone College",35.70000076,-80.5,"Private not-for-profit","$15,523","85%",15523,0.85
153825,"Loras College",42.5,-90.69999695,"Private not-for-profit","$15,810","22%",15810,0.22
159568,"Louisiana College",31.29999924,-92.40000153,"Private not-for-profit","$11,864","43%",11864,0.43
203757,"Lourdes University",41.70000076,-83.69999695,"Private not-for-profit","$16,266","51%",16266,0.51
117946,"Loyola Marymount University",34,-118.4000015,"Private not-for-profit","$28,306","20%",28306,0.2
146719,"Loyola University Chicago",42,-87.69999695,"Private not-for-profit","$25,348","28%",25348,0.28
163046,"Loyola University Maryland",39.29999924,-76.59999847,"Private not-for-profit","$20,812","14%",20812,0.14
159656,"Loyola University New Orleans",29.89999962,-90.09999847,"Private not-for-profit","$18,592","31%",18592,0.31
226383,"Lubbock Christian University",33.59999847,-101.9000015,"Private not-for-profit","$14,060","36%",14060,0.36
153834,"Luther College",43.29999924,-91.80000305,"Private not-for-profit","$18,797","18%",18797,0.18
135364,"Luther Rice University & Seminary",33.70000076,-84.09999847,"Private not-for-profit","$15,229","58%",15229,0.58
213668,"Lycoming College",41.20000076,-77,"Private not-for-profit","$14,151","33%",14151,0.33
232609,"Lynchburg College",37.40000153,-79.19999695,"Private not-for-profit","$18,194","34%",18194,0.34
132657,"Lynn University",26.39999962,-80.09999847,"Private not-for-profit","$32,847","18%",32847,0.18
173902,"Macalester College",44.90000153,-93.19999695,"Private not-for-profit","$16,041","18%",16041,0.18
170806,"Madonna University",42.40000153,-83.40000153,"Private not-for-profit","$10,881","32%",10881,0.32
153861,"Maharishi University of Management",41,-92,"Private not-for-profit","$14,952","82%",14952,0.8200000000000001
203775,"Malone University",40.79999924,-81.40000153,"Private not-for-profit","$17,620","41%",17620,0.41000000000000003
151777,"Manchester University",41,-85.80000305,"Private not-for-profit","$19,912","37%",19912,0.37
192703,"Manhattan College",40.90000153,-73.90000153,"Private not-for-profit","$21,903","29%",21903,0.29
192712,"Manhattan School of Music",40.79999924,-74,"Private not-for-profit","$31,393","15%",31393,0.15
192749,"Manhattanville College",41,-73.69999695,"Private not-for-profit","$19,626","34%",19626,0.34
239071,"Maranatha Baptist University",43.20000076,-88.69999695,"Private not-for-profit","$16,431","40%",16431,0.4
151786,"Marian University",39.79999924,-86.19999695,"Private not-for-profit","$15,162","28%",15162,0.28
239080,"Marian University",43.79999924,-88.40000153,"Private not-for-profit","$15,259","40%",15259,0.4
203845,"Marietta College",39.40000153,-81.5,"Private not-for-profit","$16,596","29%",16596,0.29
192819,"Marist College",41.70000076,-73.90000153,"Private not-for-profit","$22,441","16%",22441,0.16
239105,"Marquette University",43,-87.90000153,"Private not-for-profit","$21,337","16%",21337,0.16
198899,"Mars Hill University",35.79999924,-82.59999847,"Private not-for-profit","$15,367","56%",15367,0.56
173452,"Martin Luther College",44.29999924,-94.5,"Private not-for-profit","$12,988","33%",12988,0.33
220701,"Martin Methodist College",35.20000076,-87,"Private not-for-profit","$17,794","55%",17794,0.55
232672,"Mary Baldwin College",38.20000076,-79.09999847,"Private not-for-profit","$14,743","58%",14743,0.58
170842,"Marygrove College",42.40000153,-83.19999695,"Private not-for-profit","$11,803","72%",11803,0.72
163295,"Maryland Institute College of Art",39.29999924,-76.59999847,"Private not-for-profit","$30,743","25%",30743,0.25
209108,"Marylhurst University",45.40000153,-122.5999985,"Private not-for-profit","$25,545","51%",25545,0.51
192864,"Marymount Manhattan College",40.79999924,-74,"Private not-for-profit","$31,659","25%",31659,0.25
232706,"Marymount University",38.90000153,-77.09999847,"Private not-for-profit","$23,431","27%",23431,0.27
220710,"Maryville College",35.79999924,-84,"Private not-for-profit","$15,551","45%",15551,0.45
178059,"Maryville University of Saint Louis",38.59999847,-90.5,"Private not-for-profit","$22,160","32%",22160,0.32
213826,"Marywood University",41.40000153,-75.59999847,"Private not-for-profit","$20,898","36%",20898,0.36
166683,"Massachusetts Institute of Technology",42.40000153,-71.09999847,"Private not-for-profit","$5,128","18%",5128,0.18
164270,"McDaniel College",39.59999847,-77,"Private not-for-profit","$11,740","32%",11740,0.32
226587,"McMurry University",32.40000153,-99.80000305,"Private not-for-profit","$14,679","47%",14679,0.47000000000000003
155511,"McPherson College",38.40000153,-97.59999847,"Private not-for-profit","$17,744","45%",17744,0.45
192925,"Medaille College",42.90000153,-78.90000153,"Private not-for-profit","$7,956","54%",7956,0.54
140447,"Mercer University",32.79999924,-83.69999695,"Private not-for-profit","$18,407","41%",18407,0.41000000000000003
193016,"Mercy College",41,-73.90000153,"Private not-for-profit","$11,765","55%",11765,0.55
153977,"Mercy College of Health Sciences",41.59999847,-93.59999847,"Private not-for-profit","$17,604","39%",17604,0.39
203960,"Mercy College of Ohio",41.70000076,-83.59999847,"Private not-for-profit","$16,686","46%",16686,0.46
213987,"Mercyhurst University",42.09999847,-80.09999847,"Private not-for-profit","$17,084","32%",17084,0.32
198950,"Meredith College",35.79999924,-78.69999695,"Private not-for-profit","$18,258","34%",18258,0.34
166850,"Merrimack College",42.70000076,-71.09999847,"Private not-for-profit","$23,749","23%",23749,0.23
213996,"Messiah College",40.20000076,-77,"Private not-for-profit","$19,738","20%",19738,0.2
198969,"Methodist University",35.09999847,-78.90000153,"Private not-for-profit","$21,449","40%",21449,0.4
190114,"Metropolitan College of New York",40.70000076,-74,"Private not-for-profit","$20,529","81%",20529,0.81
245953,"Mid-America Christian University",35.29999924,-97.59999847,"Private not-for-profit","$21,222","6%",21222,0.06
155520,"MidAmerica Nazarene University",38.90000153,-94.80000305,"Private not-for-profit","$16,045","37%",16045,0.37
157359,"Mid-Continent University",36.79999924,-88.59999847,"Private not-for-profit",,,0,0
230959,"Middlebury College",44,-73.19999695,"Private not-for-profit","$4,904","11%",4904,0.11
181330,"Midland University",41.40000153,-96.5,"Private not-for-profit","$19,613","43%",19613,0.43
157377,"Midway College",38.09999847,-84.69999695,"Private not-for-profit","$16,569","51%",16569,0.51
101675,"Miles College",33.5,-86.90000153,"Private not-for-profit","$16,128","85%",16128,0.85
221014,"Milligan College",36.29999924,-82.30000305,"Private not-for-profit","$11,942","35%",11942,0.35000000000000003
147244,"Millikin University",39.79999924,-89,"Private not-for-profit","$13,467","40%",13467,0.4
118888,"Mills College",37.79999924,-122.1999969,"Private not-for-profit","$21,532","50%",21532,0.5
175980,"Millsaps College",32.29999924,-90.19999695,"Private not-for-profit","$16,044","20%",16044,0.2
239318,"Milwaukee School of Engineering",43,-87.90000153,"Private not-for-profit","$15,225","27%",15225,0.27
214069,"Misericordia University",41.29999924,-76,"Private not-for-profit","$19,479","29%",19479,0.29
176053,"Mississippi College",32.29999924,-90.30000305,"Private not-for-profit","$14,020","36%",14020,0.36
178244,"Missouri Baptist University",38.59999847,-90.5,"Private not-for-profit","$15,670","21%",15670,0.21
178369,"Missouri Valley College",39.09999847,-93.19999695,"Private not-for-profit","$14,797","46%",14797,0.46
129774,"Mitchell College",41.29999924,-72.09999847,"Private not-for-profit","$22,323","37%",22323,0.37
193292,"Molloy College",40.70000076,-73.59999847,"Private not-for-profit","$19,399","32%",19399,0.32
147341,"Monmouth College",40.90000153,-90.59999847,"Private not-for-profit","$12,781","42%",12781,0.42
185572,"Monmouth University",40.29999924,-74,"Private not-for-profit","$16,184","26%",16184,0.26
199032,"Montreat College",35.59999847,-82.30000305,"Private not-for-profit","$16,603","44%",16603,0.44
214157,"Moravian College",40.59999847,-75.40000153,"Private not-for-profit","$19,650","31%",19650,0.31
140553,"Morehouse College",33.70000076,-84.40000153,"Private not-for-profit","$32,209","52%",32209,0.52
154004,"Morningside College",42.5,-96.40000153,"Private not-for-profit","$20,798","36%",20798,0.36
218399,"Morris College",33.90000153,-80.30000305,"Private not-for-profit","$12,933","89%",12933,0.89
214166,"Mount Aloysius College",40.5,-78.59999847,"Private not-for-profit","$19,794","40%",19794,0.4
166939,"Mount Holyoke College",42.29999924,-72.59999847,"Private not-for-profit","$17,105","19%",17105,0.19
166948,"Mount Ida College",42.29999924,-71.19999695,"Private not-for-profit","$22,725","38%",22725,0.38
219198,"Mount Marty College",42.90000153,-97.40000153,"Private not-for-profit","$28,679","25%",28679,0.25
154013,"Mount Mercy University",42,-91.69999695,"Private not-for-profit","$13,707","35%",13707,0.35000000000000003
199069,"Mount Olive College",35.20000076,-78.09999847,"Private not-for-profit","$11,949","53%",11949,0.53
193353,"Mount Saint Mary College",41.5,-74,"Private not-for-profit","$15,844","34%",15844,0.34
119173,"Mount St Mary's College",34.09999847,-118.5,"Private not-for-profit","$23,141","60%",23141,0.6
163462,"Mount St Mary's University",39.70000076,-77.40000153,"Private not-for-profit","$21,930","23%",21930,0.23
204194,"Mount Vernon Nazarene University",40.40000153,-82.5,"Private not-for-profit","$16,473","44%",16473,0.44
214175,"Muhlenberg College",40.59999847,-75.5,"Private not-for-profit","$18,765","8%",18765,0.08
209287,"Multnomah University",45.5,-122.6999969,"Private not-for-profit","$16,460","56%",16460,0.56
204264,"Muskingum University",40,-81.69999695,"Private not-for-profit","$14,963","41%",14963,0.41000000000000003
127653,"Naropa University",40,-105.3000031,"Private not-for-profit","$22,835","55%",22835,0.55
147536,"National Louis University",41.90000153,-87.59999847,"Private not-for-profit","$17,556","50%",17556,0.5
119605,"National University",32.90000153,-117.1999969,"Private not-for-profit","$23,597","37%",23597,0.37
193584,"Nazareth College",43.09999847,-77.5,"Private not-for-profit","$17,367","32%",17367,0.32
181446,"Nebraska Wesleyan University",40.79999924,-96.59999847,"Private not-for-profit","$14,808","26%",14808,0.26
214272,"Neumann University",39.90000153,-75.40000153,"Private not-for-profit","$18,591","39%",18591,0.39
182980,"New England College",43.20000076,-71.80000305,"Private not-for-profit","$28,872","50%",28872,0.5
217305,"New England Institute of Technology",41.70000076,-71.5,"Private not-for-profit","$21,940","47%",21940,0.47000000000000003
194091,"New York Institute of Technology",40.79999924,-73.59999847,"Private not-for-profit","$21,767","36%",21767,0.36
193900,"New York University",40.70000076,-74,"Private not-for-profit","$25,311","21%",25311,0.21
218414,"Newberry College",34.29999924,-81.59999847,"Private not-for-profit","$19,434","47%",19434,0.47000000000000003
167251,"Newbury College",42.29999924,-71.09999847,"Private not-for-profit","$20,190","54%",20190,0.54
155335,"Newman University",37.70000076,-97.40000153,"Private not-for-profit","$13,970","18%",13970,0.18
193973,"Niagara University",43.09999847,-79,"Private not-for-profit","$12,954","32%",12954,0.32
167260,"Nichols College",42,-71.90000153,"Private not-for-profit","$20,689","32%",20689,0.32
199209,"North Carolina Wesleyan College",36,-77.80000305,"Private not-for-profit","$19,588","60%",19588,0.6
147660,"North Central College",41.79999924,-88.09999847,"Private not-for-profit","$16,704","26%",16704,0.26
174437,"North Central University",45,-93.30000305,"Private not-for-profit","$16,926","37%",16926,0.37
218441,"North Greenville University",35.09999847,-82.40000153,"Private not-for-profit","$19,706","38%",19706,0.38
147679,"North Park University",42,-87.69999695,"Private not-for-profit","$15,777","38%",15777,0.38
167358,"Northeastern University",42.29999924,-71.09999847,"Private not-for-profit","$18,240","13%",18240,0.13
239512,"Northland College",46.59999847,-90.90000153,"Private not-for-profit","$12,813","41%",12813,0.41000000000000003
142461,"Northwest Nazarene University",43.59999847,-116.5999985,"Private not-for-profit","$19,366","34%",19366,0.34
236133,"Northwest University",47.70000076,-122.1999969,"Private not-for-profit","$15,650","38%",15650,0.38
154101,"Northwestern College",43,-96.09999847,"Private not-for-profit","$18,632","29%",18632,0.29
147767,"Northwestern University",42.09999847,-87.69999695,"Private not-for-profit","$11,700","14%",11700,0.14
171492,"Northwood University-Michigan",43.59999847,-84.30000305,"Private not-for-profit","$16,696","34%",16696,0.34
230995,"Norwich University",44.09999847,-72.69999695,"Private not-for-profit","$19,151","26%",19151,0.26
204468,"Notre Dame College",41.5,-81.5,"Private not-for-profit","$16,468","35%",16468,0.35000000000000003
120184,"Notre Dame de Namur University",37.5,-122.3000031,"Private not-for-profit","$22,037","42%",22037,0.42
136215,"Nova Southeastern University",26.10000038,-80.19999695,"Private not-for-profit","$22,500","44%",22500,0.44
194161,"Nyack College",41.09999847,-73.90000153,"Private not-for-profit","$16,148","57%",16148,0.5700000000000001
101912,"Oakwood University",34.79999924,-86.69999695,"Private not-for-profit","$22,815","51%",22815,0.51
204501,"Oberlin College",41.29999924,-82.19999695,"Private not-for-profit","$11,788","11%",11788,0.11
120254,"Occidental College",34.09999847,-118.1999969,"Private not-for-profit","$13,554","22%",13554,0.22
140696,"Oglethorpe University",33.90000153,-84.30000305,"Private not-for-profit","$16,868","37%",16868,0.37
201964,"Ohio Christian University",39.59999847,-82.90000153,"Private not-for-profit","$18,192","49%",18192,0.49
204617,"Ohio Dominican University",40,-82.90000153,"Private not-for-profit","$19,361","33%",19361,0.33
204635,"Ohio Northern University",40.79999924,-83.80000305,"Private not-for-profit","$20,060","23%",20060,0.23
204909,"Ohio Wesleyan University",40.29999924,-83.09999847,"Private not-for-profit","$23,388","25%",23388,0.25
207403,"Oklahoma Baptist University",35.40000153,-96.90000153,"Private not-for-profit","$14,387","36%",14387,0.36
207324,"Oklahoma Christian University",35.59999847,-97.5,"Private not-for-profit","$15,891","28%",15891,0.28
207458,"Oklahoma City University",35.5,-97.5,"Private not-for-profit","$33,748","20%",33748,0.2
206835,"Oklahoma Wesleyan University",36.70000076,-96,"Private not-for-profit","$20,582","38%",20582,0.38
171599,"Olivet College",42.40000153,-84.90000153,"Private not-for-profit","$17,474","51%",17474,0.51
147828,"Olivet Nazarene University",41.20000076,-87.90000153,"Private not-for-profit","$14,651","33%",14651,0.33
207582,"Oral Roberts University",36.09999847,-96,"Private not-for-profit","$18,522","42%",18522,0.42
120403,"Otis College of Art and Design",34,-118.4000015,"Private not-for-profit","$29,431","47%",29431,0.47000000000000003
204936,"Otterbein University",40.09999847,-82.90000153,"Private not-for-profit","$20,970","24%",20970,0.24
107512,"Ouachita Baptist University",34.09999847,-93.09999847,"Private not-for-profit","$15,570","29%",15570,0.29
160065,"Our Lady of Holy Cross College",29.89999962,-90,"Private not-for-profit","$8,074","54%",8074,0.54
160074,"Our Lady of the Lake College",30.39999962,-91.09999847,"Private not-for-profit","$16,880","36%",16880,0.36
227331,"Our Lady of the Lake University",29.39999962,-98.5,"Private not-for-profit","$16,771","58%",16771,0.58
194310,"Pace University-New York",40.70000076,-74,"Private not-for-profit","$22,722","34%",22722,0.34
236230,"Pacific Lutheran University",47.09999847,-122.4000015,"Private not-for-profit","$17,047","29%",17047,0.29
209603,"Pacific Northwest College of Art",45.5,-122.6999969,"Private not-for-profit","$29,263","51%",29263,0.51
120865,"Pacific Union College",38.59999847,-122.4000015,"Private not-for-profit","$17,658","46%",17658,0.46
209612,"Pacific University",45.5,-123.0999985,"Private not-for-profit","$21,396","33%",21396,0.33
140720,"Paine College",33.5,-82,"Private not-for-profit","$14,910","78%",14910,0.78
136330,"Palm Beach Atlantic University",26.70000076,-80,"Private not-for-profit","$15,757","34%",15757,0.34
154174,"Palmer College of Chiropractic-Davenport",41.5,-90.59999847,"Private not-for-profit","$26,246","36%",26246,0.36
178721,"Park University",39.20000076,-94.69999695,"Private not-for-profit","$8,732","33%",8732,0.33
194392,"Paul Smiths College of Arts and Science",44.40000153,-74.30000305,"Private not-for-profit","$19,704","43%",19704,0.43
214883,"Peirce College",39.90000153,-75.19999695,"Private not-for-profit","$9,716","59%",9716,0.59
121150,"Pepperdine University",34,-118.6999969,"Private not-for-profit","$18,984","21%",18984,0.21
199306,"Pfeiffer University",35.5,-80.30000305,"Private not-for-profit","$13,830","44%",13830,0.44
215099,"Philadelphia University",40,-75.19999695,"Private not-for-profit","$22,715","33%",22715,0.33
140818,"Piedmont College",34.59999847,-83.5,"Private not-for-profit","$14,995","47%",14995,0.47000000000000003
121257,"Pitzer College",34.09999847,-117.6999969,"Private not-for-profit","$12,389","16%",12389,0.16
121309,"Point Loma Nazarene University",32.70000076,-117.3000031,"Private not-for-profit","$23,640","28%",23640,0.28
215442,"Point Park University",40.40000153,-80,"Private not-for-profit","$18,486","39%",18486,0.39
194541,"Polytechnic Institute of New York University",40.70000076,-74,"Private not-for-profit",,,0,0
456490,"Polytechnic University of Puerto Rico-Orlando",28.60000038,-81.30000305,"Private not-for-profit","$12,481","57%",12481,0.5700000000000001
194578,"Pratt Institute-Main",40.70000076,-74,"Private not-for-profit","$38,856","24%",38856,0.24
218539,"Presbyterian College",34.5,-81.90000153,"Private not-for-profit","$9,972","25%",9972,0.25
105589,"Prescott College",34.5,-112.5,"Private not-for-profit","$19,622","46%",19622,0.46
186131,"Princeton University",40.29999924,-74.69999695,"Private not-for-profit","$3,630","13%",3630,0.13
199412,"Queens University of Charlotte",35.20000076,-80.80000305,"Private not-for-profit","$19,975","31%",19975,0.31
148131,"Quincy University",39.90000153,-91.40000153,"Private not-for-profit","$14,612","42%",14612,0.42
130226,"Quinnipiac University",41.40000153,-72.90000153,"Private not-for-profit","$25,971","16%",25971,0.16
233295,"Randolph-Macon College",37.70000076,-77.5,"Private not-for-profit","$19,645","25%",19645,0.25
178891,"Ranken Technical College",38.70000076,-90.19999695,"Private not-for-profit","$15,618","49%",15618,0.49
209922,"Reed College",45.5,-122.5999985,"Private not-for-profit","$9,423","18%",9423,0.18
231651,"Regent University",36.79999924,-76.19999695,"Private not-for-profit","$14,857","49%",14857,0.49
167598,"Regis College",42.40000153,-71.30000305,"Private not-for-profit","$17,441","35%",17441,0.35000000000000003
127918,"Regis University",39.79999924,-105,"Private not-for-profit","$19,957","27%",19957,0.27
140872,"Reinhardt University",34.29999924,-84.59999847,"Private not-for-profit","$15,979","41%",15979,0.41000000000000003
194824,"Rensselaer Polytechnic Institute",42.70000076,-73.69999695,"Private not-for-profit","$24,151","17%",24151,0.17
217493,"Rhode Island School of Design",41.79999924,-71.40000153,"Private not-for-profit","$27,160","16%",27160,0.16
221351,"Rhodes College",35.20000076,-90,"Private not-for-profit","$17,412","14%",17412,0.14
227757,"Rice University",29.70000076,-95.40000153,"Private not-for-profit","$6,468","17%",6468,0.17
186283,"Rider University",40.29999924,-74.69999695,"Private not-for-profit","$17,903","26%",17903,0.26
136774,"Ringling College of Art and Design",27.39999962,-82.5,"Private not-for-profit","$41,115","30%",41115,0.3
239628,"Ripon College",43.79999924,-88.80000305,"Private not-for-profit","$13,135","38%",13135,0.38
183211,"Rivier University",42.70000076,-71.5,"Private not-for-profit","$23,551","28%",23551,0.28
233426,"Roanoke College",37.29999924,-80.09999847,"Private not-for-profit","$22,465","25%",22465,0.25
215655,"Robert Morris University",40.5,-80.19999695,"Private not-for-profit","$18,815","32%",18815,0.32
148335,"Robert Morris University Illinois",41.90000153,-87.59999847,"Private not-for-profit","$19,792","61%",19792,0.61
194958,"Roberts Wesleyan College",43.09999847,-77.80000305,"Private not-for-profit","$15,162","42%",15162,0.42
170967,"Rochester College",42.70000076,-83.09999847,"Private not-for-profit","$18,119","42%",18119,0.42
195003,"Rochester Institute of Technology",43.09999847,-77.69999695,"Private not-for-profit","$21,570","29%",21570,0.29
148405,"Rockford University",42.29999924,-89,"Private not-for-profit","$19,364","51%",19364,0.51
179043,"Rockhurst University",39,-94.59999847,"Private not-for-profit","$17,125","16%",17125,0.16
180595,"Rocky Mountain College",45.79999924,-108.5999985,"Private not-for-profit","$15,207","34%",15207,0.34
136950,"Rollins College",28.60000038,-81.30000305,"Private not-for-profit","$23,688","31%",23688,0.31
148487,"Roosevelt University",41.90000153,-87.59999847,"Private not-for-profit","$22,560","44%",22560,0.44
152318,"Rose-Hulman Institute of Technology",39.5,-87.30000305,"Private not-for-profit","$30,572","17%",30572,0.17
215691,"Rosemont College",40,-75.30000305,"Private not-for-profit","$16,852","52%",16852,0.52
176318,"Rust College",34.79999924,-89.40000153,"Private not-for-profit","$9,193","88%",9193,0.88
130253,"Sacred Heart University",41.20000076,-73.19999695,"Private not-for-profit","$30,948","19%",30948,0.19
154235,"Saint Ambrose University",41.5,-90.59999847,"Private not-for-profit","$22,551","26%",22551,0.26
183239,"Saint Anselm College",43,-71.5,"Private not-for-profit","$22,415","17%",22415,0.17
199582,"Saint Augustine's University",35.79999924,-78.59999847,"Private not-for-profit","$28,780","62%",28780,0.62
227845,"Saint Edward's University",30.20000076,-97.80000305,"Private not-for-profit","$14,318","34%",14318,0.34
215743,"Saint Francis University",40.5,-78.59999847,"Private not-for-profit","$18,146","26%",18146,0.26
195720,"Saint John Fisher College",43.09999847,-77.5,"Private not-for-profit","$14,274","31%",14274,0.31
174792,"Saint Johns University",45.59999847,-94.40000153,"Private not-for-profit","$12,254","20%",12254,0.2
152363,"Saint Josephs College",40.90000153,-87.19999695,"Private not-for-profit","$12,045","28%",12045,0.28
161518,"Saint Joseph's College of Maine",43.79999924,-70.5,"Private not-for-profit","$21,028","25%",21028,0.25
195544,"Saint Joseph's College-New York",40.70000076,-74,"Private not-for-profit","$11,072","32%",11072,0.32
215770,"Saint Joseph's University",40,-75.19999695,"Private not-for-profit","$25,584","13%",25584,0.13
137032,"Saint Leo University",28.29999924,-82.30000305,"Private not-for-profit","$15,922","48%",15922,0.48
179159,"Saint Louis University",38.59999847,-90.19999695,"Private not-for-profit","$25,531","13%",25531,0.13
236452,"Saint Martin's University",47,-122.8000031,"Private not-for-profit","$13,313","37%",13313,0.37
152381,"Saint Mary-of-the-Woods College",39.5,-87.5,"Private not-for-profit","$11,018","50%",11018,0.5
152390,"Saint Mary's College",41.70000076,-86.30000305,"Private not-for-profit","$13,030","21%",13030,0.21
123554,"Saint Mary's College of California",37.79999924,-122.0999985,"Private not-for-profit","$26,065","23%",26065,0.23
174817,"Saint Mary's University of Minnesota",44,-91.69999695,"Private not-for-profit","$15,513","30%",15513,0.3
231059,"Saint Michael's College",44.5,-73.19999695,"Private not-for-profit","$20,237","17%",20237,0.17
239716,"Saint Norbert College",44.40000153,-88.09999847,"Private not-for-profit","$15,857","21%",15857,0.21
186432,"Saint Peter's University",40.70000076,-74.09999847,"Private not-for-profit","$11,434","54%",11434,0.54
148627,"Saint Xavier University",41.70000076,-87.69999695,"Private not-for-profit","$13,581","50%",13581,0.5
199607,"Salem College",36.09999847,-80.19999695,"Private not-for-profit","$12,272","58%",12272,0.58
217536,"Salve Regina University",41.5,-71.30000305,"Private not-for-profit","$21,815","20%",21815,0.2
102049,"Samford University",33.5,-86.80000305,"Private not-for-profit","$19,621","14%",19621,0.14
112084,"San Diego Christian College",32.79999924,-116.9000015,"Private not-for-profit","$26,812","53%",26812,0.53
122931,"Santa Clara University",37.40000153,-121.9000015,"Private not-for-profit","$22,964","14%",22964,0.14
195304,"Sarah Lawrence College",40.90000153,-73.80000305,"Private not-for-profit","$24,688","19%",24688,0.19
140951,"Savannah College of Art and Design",32.09999847,-81.09999847,"Private not-for-profit","$32,929","27%",32929,0.27
143048,"School of the Art Institute of Chicago",41.90000153,-87.59999847,"Private not-for-profit","$37,018","22%",37018,0.22
166984,"School of the Museum of Fine Arts-Boston",42.29999924,-71.09999847,"Private not-for-profit","$31,971","25%",31971,0.25
228042,"Schreiner University",30,-99.09999847,"Private not-for-profit","$18,025","43%",18025,0.43
123165,"Scripps College",34.09999847,-117.6999969,"Private not-for-profit","$19,932","12%",19932,0.12
236577,"Seattle Pacific University",47.59999847,-122.4000015,"Private not-for-profit","$19,004","30%",19004,0.3
236595,"Seattle University",47.59999847,-122.3000031,"Private not-for-profit","$25,787","21%",25787,0.21
186584,"Seton Hall University",40.70000076,-74.19999695,"Private not-for-profit","$19,300","30%",19300,0.3
215947,"Seton Hill University",40.29999924,-79.59999847,"Private not-for-profit","$19,207","31%",19207,0.31
199643,"Shaw University",35.79999924,-78.59999847,"Private not-for-profit","$23,549","79%",23549,0.79
233541,"Shenandoah University",39.20000076,-78.19999695,"Private not-for-profit","$24,129","22%",24129,0.22
140988,"Shorter University",34.29999924,-85.19999695,"Private not-for-profit","$18,189","46%",18189,0.46
195474,"Siena College",42.70000076,-73.80000305,"Private not-for-profit","$15,964","24%",15964,0.24
172264,"Siena Heights University",41.90000153,-84,"Private not-for-profit","$15,027","41%",15027,0.41000000000000003
182458,"Sierra Nevada College",39.20000076,-119.9000015,"Private not-for-profit","$21,207","40%",21207,0.4
167783,"Simmons College",42.29999924,-71.09999847,"Private not-for-profit","$19,393","26%",19393,0.26
154350,"Simpson College",41.40000153,-93.59999847,"Private not-for-profit","$16,842","29%",16842,0.29
123457,"Simpson University",40.59999847,-122.3000031,"Private not-for-profit","$14,096","55%",14096,0.55
195526,"Skidmore College",43.09999847,-73.80000305,"Private not-for-profit","$11,354","14%",11354,0.14
167835,"Smith College",42.29999924,-72.59999847,"Private not-for-profit","$11,619","22%",11619,0.22
137564,"Southeastern University",28,-81.90000153,"Private not-for-profit","$18,448","40%",18448,0.4
221661,"Southern Adventist University",35,-85.09999847,"Private not-for-profit","$17,297","37%",17297,0.37
228246,"Southern Methodist University",32.79999924,-96.80000305,"Private not-for-profit","$20,936","16%",20936,0.16
206862,"Southern Nazarene University",35.5,-97.59999847,"Private not-for-profit","$16,068","45%",16068,0.45
183026,"Southern New Hampshire University",43,-71.5,"Private not-for-profit","$32,696","42%",32696,0.42
217776,"Southern Wesleyan University",34.70000076,-82.80000305,"Private not-for-profit","$16,144","47%",16144,0.47000000000000003
179326,"Southwest Baptist University",37.59999847,-93.40000153,"Private not-for-profit","$16,941","41%",16941,0.41000000000000003
228325,"Southwestern Assemblies of God University",32.40000153,-96.90000153,"Private not-for-profit","$21,969","53%",21969,0.53
155900,"Southwestern College",37.20000076,-97,"Private not-for-profit","$19,461","38%",19461,0.38
228343,"Southwestern University",30.60000038,-97.69999695,"Private not-for-profit","$19,730","28%",19730,0.28
157757,"Spalding University",38.20000076,-85.80000305,"Private not-for-profit","$17,507","44%",17507,0.44
141060,"Spelman College",33.70000076,-84.40000153,"Private not-for-profit","$30,307","48%",30307,0.48
172334,"Spring Arbor University",42.20000076,-84.59999847,"Private not-for-profit","$13,911","45%",13911,0.45
102234,"Spring Hill College",30.70000076,-88.09999847,"Private not-for-profit","$15,608","23%",15608,0.23
167899,"Springfield College",42.09999847,-72.59999847,"Private not-for-profit","$19,550","23%",19550,0.23
195164,"St Bonaventure University",42.09999847,-78.5,"Private not-for-profit","$16,444","29%",16444,0.29
175005,"St Catherine University",44.90000153,-93.19999695,"Private not-for-profit","$20,362","40%",20362,0.4
195173,"St Francis College",40.70000076,-74,"Private not-for-profit","$11,378","44%",11378,0.44
163976,"St John's College",39,-76.5,"Private not-for-profit","$18,216","25%",18216,0.25
245652,"St John's College",35.70000076,-105.9000015,"Private not-for-profit","$17,971","37%",17971,0.37
195809,"St John's University-New York",40.70000076,-73.80000305,"Private not-for-profit","$24,030","30%",24030,0.3
195216,"St Lawrence University",44.59999847,-75.19999695,"Private not-for-profit","$13,183","18%",13183,0.18
179265,"St Louis College of Pharmacy",38.59999847,-90.30000305,"Private not-for-profit","$24,197","21%",24197,0.21
228149,"St Mary's University",29.5,-98.59999847,"Private not-for-profit","$16,557","53%",16557,0.53
174844,"St Olaf College",44.5,-93.19999695,"Private not-for-profit","$11,792","14%",11792,0.14
195243,"St Thomas Aquinas College",41,-73.90000153,"Private not-for-profit","$13,675","25%",13675,0.25
137476,"St Thomas University",25.89999962,-80.30000305,"Private not-for-profit","$20,817","51%",20817,0.51
243744,"Stanford University",37.40000153,-122.1999969,"Private not-for-profit","$2,841","16%",2841,0.16
179548,"Stephens College",39,-92.30000305,"Private not-for-profit","$21,336","46%",21336,0.46
137546,"Stetson University",29,-81.30000305,"Private not-for-profit","$20,823","35%",20823,0.35000000000000003
186867,"Stevens Institute of Technology",40.70000076,-74,"Private not-for-profit","$18,832","21%",18832,0.21
164173,"Stevenson University",39.40000153,-76.69999695,"Private not-for-profit","$18,391","32%",18391,0.32
102270,"Stillman College",33.20000076,-87.59999847,"Private not-for-profit","$15,838","84%",15838,0.84
167996,"Stonehill College",42.09999847,-71.09999847,"Private not-for-profit","$15,209","15%",15209,0.15
168005,"Suffolk University",42.40000153,-71.09999847,"Private not-for-profit","$22,204","30%",22204,0.3
216278,"Susquehanna University",40.79999924,-76.90000153,"Private not-for-profit","$16,893","25%",16893,0.25
216287,"Swarthmore College",39.90000153,-75.40000153,"Private not-for-profit","$8,537","15%",8537,0.15
233718,"Sweet Briar College",37.59999847,-79.09999847,"Private not-for-profit","$19,346","25%",19346,0.25
196413,"Syracuse University",43,-76.09999847,"Private not-for-profit","$18,149","26%",18149,0.26
155973,"Tabor College",38.29999924,-97.19999695,"Private not-for-profit","$20,998","36%",20998,0.36
102298,"Talladega College",33.40000153,-86.09999847,"Private not-for-profit","$10,440","57%",10440,0.5700000000000001
152530,"Taylor University",40.5,-85.5,"Private not-for-profit","$18,482","18%",18482,0.18
221856,"Tennessee Temple University",35,-85.30000305,"Private not-for-profit","$12,851","77%",12851,0.77
228875,"Texas Christian University",32.70000076,-97.40000153,"Private not-for-profit","$18,578","13%",18578,0.13
228884,"Texas College",32.40000153,-95.30000305,"Private not-for-profit","$14,372","87%",14372,0.87
228981,"Texas Lutheran University",29.60000038,-98,"Private not-for-profit","$13,285","40%",13285,0.4
229160,"Texas Wesleyan University",32.70000076,-97.30000305,"Private not-for-profit","$19,789","47%",19789,0.47000000000000003
142294,"The College of Idaho",43.70000076,-116.6999969,"Private not-for-profit","$13,586","38%",13586,0.38
193645,"The College of New Rochelle",40.90000153,-73.80000305,"Private not-for-profit","$32,809","75%",32809,0.75
195234,"The College of Saint Rose",42.70000076,-73.80000305,"Private not-for-profit","$17,605","36%",17605,0.36
174899,"The College of Saint Scholastica",46.79999924,-92.09999847,"Private not-for-profit","$15,584","31%",15584,0.31
206589,"The College of Wooster",40.79999924,-81.90000153,"Private not-for-profit","$14,854","20%",14854,0.2
167057,"The New England Conservatory of Music",42.29999924,-71.09999847,"Private not-for-profit","$37,790","16%",37790,0.16
193654,"The New School",40.70000076,-74,"Private not-for-profit","$29,010","23%",29010,0.23
195128,"The Sage Colleges",42.70000076,-73.69999695,"Private not-for-profit","$12,361","49%",12361,0.49
202763,"The University of Findlay",41.09999847,-83.69999695,"Private not-for-profit","$17,913","20%",17913,0.2
137847,"The University of Tampa",27.89999962,-82.5,"Private not-for-profit","$23,513","25%",23513,0.25
216357,"Thiel College",41.40000153,-80.40000153,"Private not-for-profit","$18,541","46%",18541,0.46
161563,"Thomas College",44.5,-69.69999695,"Private not-for-profit","$17,858","32%",17858,0.32
157809,"Thomas More College",39,-84.59999847,"Private not-for-profit","$17,247","25%",17247,0.25
206048,"Tiffin University",41.09999847,-83.19999695,"Private not-for-profit","$20,187","54%",20187,0.54
141185,"Toccoa Falls College",34.59999847,-83.40000153,"Private not-for-profit","$16,282","56%",16282,0.56
196592,"Touro College",40.70000076,-74,"Private not-for-profit","$21,166","46%",21166,0.46
157818,"Transylvania University",38.09999847,-84.5,"Private not-for-profit","$16,705","27%",16705,0.27
221892,"Trevecca Nazarene University",36.09999847,-86.80000305,"Private not-for-profit","$16,185","40%",16185,0.4
152567,"Trine University",41.59999847,-85,"Private not-for-profit","$18,722","23%",18722,0.23
149505,"Trinity Christian College",41.70000076,-87.80000305,"Private not-for-profit","$18,247","35%",18247,0.35000000000000003
130590,"Trinity College",41.70000076,-72.69999695,"Private not-for-profit","$11,030","11%",11030,0.11
149514,"Trinity International University-Illinois",42.20000076,-87.90000153,"Private not-for-profit","$18,661","49%",18661,0.49
229267,"Trinity University",29.5,-98.5,"Private not-for-profit","$17,483","16%",17483,0.16
168148,"Tufts University",42.40000153,-71.09999847,"Private not-for-profit","$10,574","11%",10574,0.11
160755,"Tulane University of Louisiana",29.89999962,-90.09999847,"Private not-for-profit","$29,089","15%",29089,0.15
221953,"Tusculum College",36.20000076,-82.80000305,"Private not-for-profit","$15,915","59%",15915,0.59
102377,"Tuskegee University",32.40000153,-85.69999695,"Private not-for-profit","$28,731","63%",28731,0.63
157863,"Union College",36.90000153,-83.90000153,"Private not-for-profit","$13,759","56%",13759,0.56
181738,"Union College",40.79999924,-96.69999695,"Private not-for-profit","$16,258","35%",16258,0.35000000000000003
196866,"Union College",42.79999924,-73.90000153,"Private not-for-profit","$8,682","16%",8682,0.16
206279,"Union Institute & University",39.09999847,-84.5,"Private not-for-profit","$23,159","59%",23159,0.59
221971,"Union University",35.70000076,-88.90000153,"Private not-for-profit","$20,815","28%",20815,0.28
128744,"University of Bridgeport",41.20000076,-73.19999695,"Private not-for-profit","$21,482","49%",21482,0.49
237312,"University of Charleston",38.29999924,-81.59999847,"Private not-for-profit","$17,058","41%",17058,0.41000000000000003
144050,"University of Chicago",41.79999924,-87.59999847,"Private not-for-profit","$8,964","12%",8964,0.12
224323,"University of Dallas",32.79999924,-96.90000153,"Private not-for-profit","$20,787","21%",20787,0.21
202480,"University of Dayton",39.70000076,-84.19999695,"Private not-for-profit","$26,745","12%",26745,0.12
127060,"University of Denver",39.70000076,-105,"Private not-for-profit","$19,878","18%",19878,0.18
169716,"University of Detroit Mercy",42.40000153,-83.09999847,"Private not-for-profit","$21,495","28%",21495,0.28
153278,"University of Dubuque",42.5,-90.69999695,"Private not-for-profit","$20,386","49%",20386,0.49
150534,"University of Evansville",38,-87.5,"Private not-for-profit","$15,379","26%",15379,0.26
180258,"University of Great Falls",47.5,-111.3000031,"Private not-for-profit","$17,507","38%",17507,0.38
129525,"University of Hartford",41.79999924,-72.69999695,"Private not-for-profit","$24,058","28%",24058,0.28
151263,"University of Indianapolis",39.70000076,-86.09999847,"Private not-for-profit","$17,393","36%",17393,0.36
117140,"University of La Verne",34.09999847,-117.8000031,"Private not-for-profit","$16,715","45%",16715,0.45
200217,"University of Mary",46.70000076,-100.8000031,"Private not-for-profit","$11,239","24%",11239,0.24
226471,"University of Mary Hardin-Baylor",31.10000038,-97.5,"Private not-for-profit","$20,856","42%",20856,0.42
135726,"University of Miami",25.70000076,-80.30000305,"Private not-for-profit","$24,792","18%",24792,0.18
101693,"University of Mobile",30.79999924,-88.09999847,"Private not-for-profit","$16,024","49%",16024,0.49
204185,"University of Mount Union",40.90000153,-81.09999847,"Private not-for-profit","$24,746","33%",24746,0.33
161457,"University of New England",43.5,-70.40000153,"Private not-for-profit","$25,080","22%",25080,0.22
129941,"University of New Haven",41.29999924,-73,"Private not-for-profit","$25,822","25%",25822,0.25
152080,"University of Notre Dame",41.70000076,-86.19999695,"Private not-for-profit","$9,048","11%",9048,0.11
215062,"University of Pennsylvania",40,-75.19999695,"Private not-for-profit","$7,636","14%",7636,0.14
157535,"University of Pikeville",37.5,-82.5,"Private not-for-profit","$16,425","49%",16425,0.49
209825,"University of Portland",45.59999847,-122.6999969,"Private not-for-profit","$23,063","21%",23063,0.21
236328,"University of Puget Sound",47.29999924,-122.5,"Private not-for-profit","$32,409","19%",32409,0.19
121691,"University of Redlands",34.09999847,-117.1999969,"Private not-for-profit","$21,308","31%",21308,0.31
233374,"University of Richmond",37.59999847,-77.5,"Private not-for-profit","$10,742","19%",10742,0.19
205203,"University of Rio Grande",38.90000153,-82.40000153,"Private not-for-profit","$27,674","62%",27674,0.62
195030,"University of Rochester",43.09999847,-77.59999847,"Private not-for-profit","$13,995","18%",13995,0.18
152336,"University of Saint Francis-Fort Wayne",41.09999847,-85.19999695,"Private not-for-profit","$14,283","42%",14283,0.42
122436,"University of San Diego",32.79999924,-117.1999969,"Private not-for-profit","$22,214","18%",22214,0.18
122612,"University of San Francisco",37.79999924,-122.5,"Private not-for-profit","$22,694","26%",22694,0.26
215929,"University of Scranton",41.40000153,-75.69999695,"Private not-for-profit","$22,265","20%",22265,0.2
219383,"University of Sioux Falls",43.5,-96.69999695,"Private not-for-profit","$16,714","31%",16714,0.31
123961,"University of Southern California",34,-118.3000031,"Private not-for-profit","$15,013","23%",15013,0.23
174914,"University of St Thomas",44.90000153,-93.19999695,"Private not-for-profit","$21,037","19%",21037,0.19
227863,"University of St Thomas",29.70000076,-95.40000153,"Private not-for-profit","$16,452","34%",16452,0.34
156541,"University of the Cumberlands",36.70000076,-84.19999695,"Private not-for-profit","$15,327","41%",15327,0.41000000000000003
225627,"University of the Incarnate Word",29.5,-98.5,"Private not-for-profit","$17,358","41%",17358,0.41000000000000003
107558,"University of the Ozarks",35.5,-93.5,"Private not-for-profit","$14,666","42%",14666,0.42
120883,"University of the Pacific",38,-121.3000031,"Private not-for-profit","$23,835","40%",23835,0.4
215132,"University of the Sciences",39.90000153,-75.19999695,"Private not-for-profit","$14,901","27%",14901,0.27
207971,"University of Tulsa",36.20000076,-95.90000153,"Private not-for-profit","$22,426","15%",22426,0.15
154493,"Upper Iowa University",42.79999924,-91.80000305,"Private not-for-profit","$19,271","47%",19271,0.47000000000000003
206330,"Urbana University",40.09999847,-83.80000305,"Private not-for-profit","$14,230","36%",14230,0.36
216524,"Ursinus College",40.20000076,-75.5,"Private not-for-profit","$20,807","23%",20807,0.23
206349,"Ursuline College",41.5,-81.5,"Private not-for-profit","$12,447","44%",12447,0.44
197045,"Utica College",43.09999847,-75.30000305,"Private not-for-profit","$17,335","39%",17335,0.39
216542,"Valley Forge Christian College",40.09999847,-75.5,"Private not-for-profit","$20,831","41%",20831,0.41000000000000003
152600,"Valparaiso University",41.5,-87,"Private not-for-profit","$15,784","24%",15784,0.24
221999,"Vanderbilt University",36.09999847,-86.80000305,"Private not-for-profit","$6,905","14%",6905,0.14
123651,"Vanguard University of Southern California",33.70000076,-117.9000015,"Private not-for-profit","$19,890","39%",19890,0.39
197133,"Vassar College",41.70000076,-73.90000153,"Private not-for-profit","$10,558","23%",10558,0.23
188340,"Vaughn College of Aeronautics and Technology",40.79999924,-73.90000153,"Private not-for-profit","$27,842","65%",27842,0.65
216597,"Villanova University",40,-75.30000305,"Private not-for-profit","$21,862","11%",21862,0.11
234164,"Virginia Union University",37.59999847,-77.5,"Private not-for-profit","$18,028","72%",18028,0.72
234137,"Virginia University of Lynchburg",37.40000153,-79.19999695,"Private not-for-profit","$13,710","80%",13710,0.8
234173,"Virginia Wesleyan College",36.90000153,-76.19999695,"Private not-for-profit","$21,045","39%",21045,0.39
240107,"Viterbo University",43.79999924,-91.19999695,"Private not-for-profit","$12,243","35%",12243,0.35000000000000003
152673,"Wabash College",40,-86.90000153,"Private not-for-profit","$16,190","25%",16190,0.25
197197,"Wagner College",40.59999847,-74.09999847,"Private not-for-profit","$19,556","19%",19556,0.19
199847,"Wake Forest University",36.09999847,-80.30000305,"Private not-for-profit","$13,603","11%",13603,0.11
236896,"Walla Walla University",46,-118.4000015,"Private not-for-profit","$20,023","30%",20023,0.3
206437,"Walsh University",40.90000153,-81.40000153,"Private not-for-profit","$16,140","35%",16140,0.35000000000000003
138275,"Warner University",27.79999924,-81.59999847,"Private not-for-profit","$14,594","65%",14594,0.65
199865,"Warren Wilson College",35.59999847,-82.40000153,"Private not-for-profit","$16,897","37%",16897,0.37
154527,"Wartburg College",42.70000076,-92.5,"Private not-for-profit","$17,063","23%",17063,0.23
216667,"Washington & Jefferson College",40.20000076,-80.19999695,"Private not-for-profit","$18,075","22%",18075,0.22
162210,"Washington Adventist University",39,-77,"Private not-for-profit","$15,944","57%",15944,0.5700000000000001
234207,"Washington and Lee University",37.79999924,-79.40000153,"Private not-for-profit","$353","10%",353,0.1
164216,"Washington College",39.20000076,-76.09999847,"Private not-for-profit","$17,088","14%",17088,0.14
179867,"Washington University in St Louis",38.59999847,-90.30000305,"Private not-for-profit","$11,100","7%",11100,0.07
229780,"Wayland Baptist University",34.20000076,-101.6999969,"Private not-for-profit","$12,577","34%",12577,0.34
216694,"Waynesburg University",39.90000153,-80.19999695,"Private not-for-profit","$13,472","33%",13472,0.33
179894,"Webster University",38.59999847,-90.30000305,"Private not-for-profit","$19,985","35%",19985,0.35000000000000003
168218,"Wellesley College",42.29999924,-71.30000305,"Private not-for-profit","$9,735","18%",9735,0.18
168227,"Wentworth Institute of Technology",42.29999924,-71.09999847,"Private not-for-profit","$25,497","27%",25497,0.27
131098,"Wesley College",39.20000076,-75.5,"Private not-for-profit","$18,208","50%",18208,0.5
141325,"Wesleyan College",32.90000153,-83.69999695,"Private not-for-profit","$16,302","35%",16302,0.35000000000000003
130697,"Wesleyan University",41.59999847,-72.69999695,"Private not-for-profit","$6,009","18%",6009,0.18
237969,"West Virginia Wesleyan College",39,-80.19999695,"Private not-for-profit","$14,495","34%",14495,0.34
168254,"Western New England University",42.09999847,-72.5,"Private not-for-profit","$23,004","27%",23004,0.27
179946,"Westminster College",38.79999924,-92,"Private not-for-profit","$16,742","29%",16742,0.29
216807,"Westminster College",41.09999847,-80.30000305,"Private not-for-profit","$17,177","32%",17177,0.32
230807,"Westminster College",40.70000076,-111.9000015,"Private not-for-profit","$18,522","24%",18522,0.24
125727,"Westmont College",34.40000153,-119.6999969,"Private not-for-profit","$23,143","20%",23143,0.2
149781,"Wheaton College",41.90000153,-88.09999847,"Private not-for-profit","$15,962","20%",15962,0.2
168281,"Wheaton College",42,-71.19999695,"Private not-for-profit","$20,771","21%",20771,0.21
238078,"Wheeling Jesuit University",40.09999847,-80.69999695,"Private not-for-profit","$12,891","24%",12891,0.24
168290,"Wheelock College",42.29999924,-71.09999847,"Private not-for-profit","$20,137","34%",20137,0.34
237057,"Whitman College",46.09999847,-118.3000031,"Private not-for-profit","$18,480","11%",18480,0.11
125763,"Whittier College",34,-118,"Private not-for-profit","$11,378","37%",11378,0.37
237066,"Whitworth University",47.79999924,-117.4000015,"Private not-for-profit","$18,910","25%",18910,0.25
216852,"Widener University-Main Campus",39.90000153,-75.40000153,"Private not-for-profit","$23,467","27%",23467,0.27
229887,"Wiley College",32.5,-94.40000153,"Private not-for-profit","$12,810","84%",12810,0.84
216931,"Wilkes University",41.20000076,-75.90000153,"Private not-for-profit","$21,825","34%",21825,0.34
210401,"Willamette University",44.90000153,-123,"Private not-for-profit","$19,548","21%",19548,0.21
176479,"William Carey University",31.29999924,-89.30000305,"Private not-for-profit","$17,321","65%",17321,0.65
122728,"William Jessup University",38.79999924,-121.3000031,"Private not-for-profit","$15,502","35%",15502,0.35000000000000003
179955,"William Jewell College",39.20000076,-94.40000153,"Private not-for-profit","$17,433","28%",17433,0.28
154590,"William Penn University",41.29999924,-92.59999847,"Private not-for-profit","$17,892","48%",17892,0.48
168342,"Williams College",42.70000076,-73.19999695,"Private not-for-profit","$3,127","19%",3127,0.19
206507,"Wilmington College",39.40000153,-83.80000305,"Private not-for-profit","$17,639","41%",17639,0.41000000000000003
131113,"Wilmington University",39.70000076,-75.59999847,"Private not-for-profit","$14,296","33%",14296,0.33
217013,"Wilson College",39.90000153,-77.69999695,"Private not-for-profit","$15,452","37%",15452,0.37
199962,"Wingate University",35,-80.40000153,"Private not-for-profit","$13,571","38%",13571,0.38
240338,"Wisconsin Lutheran College",43,-88,"Private not-for-profit","$14,592","34%",14592,0.34
206525,"Wittenberg University",39.90000153,-83.80000305,"Private not-for-profit","$20,102","24%",20102,0.24
218973,"Wofford College",35,-81.90000153,"Private not-for-profit","$15,575","19%",15575,0.19
125897,"Woodbury University",34.20000076,-118.3000031,"Private not-for-profit","$21,953","48%",21953,0.48
168421,"Worcester Polytechnic Institute",42.29999924,-71.80000305,"Private not-for-profit","$25,377","15%",25377,0.15
206622,"Xavier University",39.09999847,-84.5,"Private not-for-profit","$23,594","18%",23594,0.18
160904,"Xavier University of Louisiana",30,-90.09999847,"Private not-for-profit","$18,493","53%",18493,0.53
130794,"Yale University",41.29999924,-72.90000153,"Private not-for-profit","$3,918","12%",3918,0.12
197708,"Yeshiva University",40.90000153,-73.90000153,"Private not-for-profit","$20,333","19%",20333,0.19
181853,"York College",40.90000153,-97.59999847,"Private not-for-profit","$16,669","54%",16669,0.54
217059,"York College Pennsylvania",39.90000153,-76.69999695,"Private not-for-profit","$16,643","25%",16643,0.25
null,"Pomona College",null,null,"",,,,
221519,"Sewanee-The University of the South",35.20000076,-85.90000153,"Private not-for-profit","$9,107","19%",9107,0.19
null,"Randoph College",null,null,"",,,,
null,"Mass. College of Pharmacy",null,null,"",,,,
null,"Long Island University",null,null,"",,,,
null,"Le Moyne-Owen College",null,null,"",,,,