"id","name","latitude","longitude","state","anpby_2013_2014_raw","pra_raw","anpby_2013_2014","pra"
138558,"Abraham Baldwin Agricultural College",31.5,-83.5,"GA","$4,967","46%",4967,0.46
126182,"Adams State University",37.5,-105.9000015,"CO","$14,065","52%",14065,0.52
100654,"Alabama A & M University",34.79999924,-86.59999847,"AL","$14,601","74%",14601,0.74
100724,"Alabama State University",32.40000153,-86.30000305,"AL","$10,980","73%",10980,0.73
138716,"Albany State University",31.60000038,-84.09999847,"GA","$11,430","72%",11430,0.72
175342,"Alcorn State University",31.89999962,-91.09999847,"MS","$14,654","76%",14654,0.76
222831,"Angelo State University",31.39999962,-100.5,"TX","$12,231","41%",12231,0.41000000000000003
197869,"Appalachian State University",36.20000076,-81.69999695,"NC","$7,671","27%",7671,0.27
104151,"Arizona State University",33.40000153,-111.9000015,"AZ","$7,195","32%",7195,0.32
106458,"Arkansas State University-Main Campus",35.79999924,-90.69999695,"AR","$10,398","45%",10398,0.45
106467,"Arkansas Tech University",35.29999924,-93.09999847,"AR","$9,186","44%",9186,0.44
138789,"Armstrong Atlantic State University",32,-81.19999695,"GA","$12,525","43%",12525,0.43
100858,"Auburn University",32.59999847,-85.5,"AL","$13,814","16%",13814,0.16
100830,"Auburn University at Montgomery",32.40000153,-86.19999695,"AL","$11,914","42%",11914,0.42
138983,"Augusta State University",33.5,-82,"GA",,,0,0
219602,"Austin Peay State University",36.5,-87.40000153,"TN","$8,497","52%",8497,0.52
150136,"Ball State University",40.20000076,-85.40000153,"IN","$9,260","34%",9260,0.34
234669,"Bellevue College",47.59999847,-122.0999985,"WA","$6,049","15%",6049,0.15
173124,"Bemidji State University",47.5,-94.90000153,"MN","$10,211","35%",10211,0.35000000000000003
200022,"Bismarck State College",46.79999924,-100.8000031,"ND","$5,360","20%",5360,0.2
219046,"Black Hills State University",44.5,-103.9000015,"SD","$11,178","34%",11178,0.34
211158,"Bloomsburg University of Pennsylvania",41,-76.40000153,"PA","$13,588","30%",13588,0.3
237215,"Bluefield State College",37.29999924,-81.19999695,"WV","$7,687","56%",7687,0.56
142115,"Boise State University",43.59999847,-116.1999969,"ID","$13,079","35%",13079,0.35000000000000003
162007,"Bowie State University",39,-76.80000305,"MD","$8,514","50%",8514,0.5
201441,"Bowling Green State University-Main Campus",41.40000153,-83.59999847,"OH","$14,949","33%",14949,0.33
223506,"Brazosport College",29,-95.40000153,"TX","$4,059","19%",4059,0.19
165024,"Bridgewater State University",42,-71,"MA","$14,436","26%",14436,0.26
110422,"California Polytechnic State University-San Luis Obispo",35.29999924,-120.6999969,"CA","$10,611","20%",10611,0.2
110529,"California State Polytechnic University-Pomona",34.09999847,-117.8000031,"CA","$6,984","47%",6984,0.47000000000000003
110486,"California State University-Bakersfield",35.40000153,-119.0999985,"CA","$4,152","63%",4152,0.63
441937,"California State University-Channel Islands",34.20000076,-119,"CA","$10,509","46%",10509,0.46
110538,"California State University-Chico",39.70000076,-121.8000031,"CA","$8,691","42%",8691,0.42
110547,"California State University-Dominguez Hills",33.90000153,-118.3000031,"CA","$511","60%",511,0.6
110574,"California State University-East Bay",37.70000076,-122.0999985,"CA","$6,961","48%",6961,0.48
110556,"California State University-Fresno",36.79999924,-119.6999969,"CA","$3,834","57%",3834,0.5700000000000001
110565,"California State University-Fullerton",33.90000153,-117.9000015,"CA","$3,364","44%",3364,0.44
110583,"California State University-Long Beach",33.79999924,-118.0999985,"CA","$5,549","50%",5549,0.5
110592,"California State University-Los Angeles",34.09999847,-118.1999969,"CA","$1,596","66%",1596,0.66
409698,"California State University-Monterey Bay",36.70000076,-121.8000031,"CA","$5,319","49%",5319,0.49
110608,"California State University-Northridge",34.20000076,-118.5,"CA","$6,192","52%",6192,0.52
110510,"California State University-San Bernardino",34.20000076,-117.3000031,"CA","$4,344","63%",4344,0.63
366711,"California State University-San Marcos",33.09999847,-117.1999969,"CA","$5,509","45%",5509,0.45
110495,"California State University-Stanislaus",37.5,-120.9000015,"CA","$3,794","60%",3794,0.6
211361,"California University of Pennsylvania",40.09999847,-79.90000153,"PA","$13,962","39%",13962,0.39
206914,"Cameron University",34.59999847,-98.40000153,"OK","$7,945","49%",7945,0.49
230834,"Castleton State College",43.59999847,-73.19999695,"VT","$13,276","29%",13276,0.29
128771,"Central Connecticut State University",41.70000076,-72.80000305,"CT","$11,807","35%",11807,0.35000000000000003
169248,"Central Michigan University",43.59999847,-84.80000305,"MI","$10,753","36%",10753,0.36
201690,"Central State University",39.70000076,-83.90000153,"OH","$10,074","77%",10074,0.77
234827,"Central Washington University",47,-120.5,"WA","$8,622","36%",8622,0.36
180948,"Chadron State College",42.79999924,-103,"NE","$8,629","36%",8629,0.36
211608,"Cheyney University of Pennsylvania",39.90000153,-75.5,"PA","$13,434","75%",13434,0.75
144005,"Chicago State University",41.70000076,-87.59999847,"IL","$10,176","71%",10176,0.71
133021,"Chipola College",30.79999924,-85.19999695,"FL","$2,868","43%",2868,0.43
231712,"Christopher Newport University",37.09999847,-76.5,"VA","$15,629","16%",15629,0.16
211644,"Clarion University of Pennsylvania",41.20000076,-79.40000153,"PA","$13,344","39%",13344,0.39
139311,"Clayton  State University",33.59999847,-84.30000305,"GA","$10,600","58%",10600,0.58
217882,"Clemson University",34.70000076,-82.80000305,"SC","$11,581","18%",11581,0.18
202134,"Cleveland State University",41.5,-81.69999695,"OH","$14,284","43%",14284,0.43
218724,"Coastal Carolina University",33.79999924,-79,"SC","$11,748","39%",11748,0.39
132851,"College of Central Florida",29.20000076,-82.19999695,"FL","$8,449","55%",8449,0.55
217819,"College of Charleston",32.79999924,-79.90000153,"SC","$12,819","23%",12819,0.23
182005,"College of Southern Nevada",36.20000076,-115.1999969,"NV","$6,606","32%",6606,0.32
190558,"College of Staten Island CUNY",40.59999847,-74.09999847,"NY","$7,673","45%",7673,0.45
231624,"College of William and Mary",37.29999924,-76.69999695,"VA","$5,136","12%",5136,0.12
127556,"Colorado Mesa University",39.09999847,-108.5,"CO","$13,142","39%",13142,0.39
126711,"Colorado Mountain College",39.5,-107.3000031,"CO","$7,948","18%",7948,0.18
126775,"Colorado School of Mines",39.79999924,-105.1999969,"CO","$21,149","17%",21149,0.17
126818,"Colorado State University-Fort Collins",40.59999847,-105.0999985,"CO","$10,449","25%",10449,0.25
128106,"Colorado State University-Pueblo",38.29999924,-104.5999985,"CO","$9,717","41%",9717,0.41000000000000003
139366,"Columbus State University",32.5,-84.90000153,"GA","$9,318","47%",9318,0.47000000000000003
237330,"Concord University",37.40000153,-81,"WV","$5,128","50%",5128,0.5
162283,"Coppin State University",39.29999924,-76.69999695,"MD","$9,340","61%",9340,0.61
190512,"CUNY Bernard M Baruch College",40.70000076,-74,"NY","$5,318","44%",5318,0.44
190549,"CUNY Brooklyn College",40.59999847,-74,"NY","$4,970","49%",4970,0.49
190567,"CUNY City College",40.79999924,-74,"NY","$4,537","52%",4537,0.52
190594,"CUNY Hunter College",40.79999924,-74,"NY","$5,402","42%",5402,0.42
190637,"CUNY Lehman College",40.90000153,-73.90000153,"NY","$954","53%",954,0.53
190646,"CUNY Medgar Evers College",40.70000076,-74,"NY","$7,559","62%",7559,0.62
190655,"CUNY New York City College of Technology",40.70000076,-74,"NY","$5,824","56%",5824,0.56
190664,"CUNY Queens College",40.70000076,-73.80000305,"NY","$4,207","39%",4207,0.39
190691,"CUNY York College",40.70000076,-73.80000305,"NY","$4,306","53%",4306,0.53
219082,"Dakota State University",44,-97.09999847,"SD","$11,029","23%",11029,0.23
139463,"Dalton State College",34.79999924,-85,"GA","$5,020","57%",5020,0.5700000000000001
133386,"Daytona State College",29.20000076,-81.09999847,"FL","$4,035","50%",4035,0.5
130934,"Delaware State University",39.20000076,-75.5,"DE","$15,073","48%",15073,0.48
175616,"Delta State University",33.70000076,-90.69999695,"MS","$13,310","45%",13310,0.45
200059,"Dickinson State University",46.90000153,-102.8000031,"ND","$8,233","25%",8233,0.25
105297,"Dine College",36.29999924,-109.1999969,"AZ","$7,887","61%",7887,0.61
230171,"Dixie State University",37.09999847,-113.5999985,"UT","$10,311","47%",10311,0.47000000000000003
198464,"East Carolina University",35.59999847,-77.40000153,"NC","$10,257","34%",10257,0.34
207041,"East Central University",34.79999924,-96.69999695,"OK","$6,041","46%",6041,0.46
212115,"East Stroudsburg University of Pennsylvania",41,-75.19999695,"PA","$13,293","32%",13293,0.32
220075,"East Tennessee State University",36.29999924,-82.40000153,"TN","$12,495","43%",12495,0.43
129215,"Eastern Connecticut State University",41.70000076,-72.19999695,"CT","$13,013","28%",13013,0.28
144892,"Eastern Illinois University",39.5,-88.19999695,"IL","$13,458","40%",13458,0.4
156620,"Eastern Kentucky University",37.70000076,-84.30000305,"KY","$8,483","42%",8483,0.42
169798,"Eastern Michigan University",42.20000076,-83.59999847,"MI","$11,036","44%",11036,0.44
187648,"Eastern New Mexico University-Main Campus",34.20000076,-103.3000031,"NM","$8,028","36%",8028,0.36
208646,"Eastern Oregon University",45.29999924,-118.0999985,"OR","$13,700","49%",13700,0.49
235097,"Eastern Washington University",47.5,-117.5999985,"WA","$7,268","38%",7268,0.38
212160,"Edinboro University of Pennsylvania",41.90000153,-80.09999847,"PA","$11,716","45%",11716,0.45
133508,"Edison State College",26.60000038,-81.90000153,"FL","$9,085","41%",9085,0.41000000000000003
198507,"Elizabeth City State University",36.29999924,-76.19999695,"NC","$1,099","71%",1099,0.71
155025,"Emporia State University",38.40000153,-96.19999695,"KS","$10,828","40%",10828,0.4
237367,"Fairmont State University",39.5,-80.19999695,"WV","$7,239","47%",7239,0.47000000000000003
198543,"Fayetteville State University",35.09999847,-78.90000153,"NC","$5,491","58%",5491,0.58
169910,"Ferris State University",43.70000076,-85.5,"MI","$8,259","41%",8259,0.41000000000000003
165820,"Fitchburg State University",42.59999847,-71.80000305,"MA","$9,897","36%",9897,0.36
133650,"Florida Agricultural and Mechanical University",30.39999962,-84.30000305,"FL","$10,821","61%",10821,0.61
133669,"Florida Atlantic University",26.39999962,-80.09999847,"FL","$10,558","39%",10558,0.39
433660,"Florida Gulf Coast University",26.5,-81.80000305,"FL","$10,005","34%",10005,0.34
133951,"Florida International University",25.79999924,-80.40000153,"FL","$9,039","56%",9039,0.56
133702,"Florida State College at Jacksonville",30.29999924,-81.69999695,"FL","$5,888","39%",5888,0.39
134097,"Florida State University",30.39999962,-84.30000305,"FL","$12,737","33%",12737,0.33
155061,"Fort Hays State University",38.90000153,-99.30000305,"KS","$9,104","28%",9104,0.28
127185,"Fort Lewis College",37.29999924,-107.9000015,"CO","$12,510","33%",12510,0.33
139719,"Fort Valley State University",32.5,-83.90000153,"GA","$13,912","77%",13912,0.77
165866,"Framingham State University",42.29999924,-71.40000153,"MA","$13,006","30%",13006,0.3
218061,"Francis Marion University",34.20000076,-79.69999695,"SC","$9,491","56%",9491,0.56
162584,"Frostburg State University",39.70000076,-78.90000153,"MD","$14,521","37%",14521,0.37
139773,"Gainesville State College",34.20000076,-83.90000153,"GA",,,0,0
232186,"George Mason University",38.79999924,-77.30000305,"VA","$13,745","25%",13745,0.25
139861,"Georgia College and State University",33.09999847,-83.19999695,"GA","$12,847","22%",12847,0.22
447689,"Georgia Gwinnett College",34,-84,"GA","$10,284","53%",10284,0.53
139755,"Georgia Institute of Technology-Main Campus",33.79999924,-84.40000153,"GA","$6,138","18%",6138,0.18
139931,"Georgia Southern University",32.40000153,-81.80000305,"GA","$13,714","38%",13714,0.38
139764,"Georgia Southwestern State University",32.09999847,-84.19999695,"GA","$10,503","47%",10503,0.47000000000000003
139940,"Georgia State University",33.79999924,-84.40000153,"GA","$13,854","52%",13854,0.52
237385,"Glenville State College",38.90000153,-80.80000305,"WV","$14,107","36%",14107,0.36
139968,"Gordon State College",33,-84.19999695,"GA","$9,765","55%",9765,0.55
159009,"Grambling State University",32.5,-92.69999695,"LA","$14,124","78%",14124,0.78
170082,"Grand Valley State University",43,-85.90000153,"MI","$11,792","36%",11792,0.36
183257,"Granite State College",43.20000076,-71.5,"NH","$14,065","48%",14065,0.48
182306,"Great Basin College",40.79999924,-115.8000031,"NV","$8,710","22%",8710,0.22
177551,"Harris-Stowe State University",38.59999847,-90.19999695,"MO","$8,613","76%",8613,0.76
107071,"Henderson State University",34.09999847,-93.09999847,"AR","$9,146","54%",9146,0.54
115755,"Humboldt State University",40.90000153,-124.0999985,"CA","$9,785","52%",9785,0.52
142276,"Idaho State University",42.90000153,-112.4000015,"ID","$14,059","43%",14059,0.43
145813,"Illinois State University",40.5,-89,"IL","$11,958","27%",11958,0.27
134608,"Indian River State College",27.39999962,-80.40000153,"FL","$1,726","40%",1726,0.4
151324,"Indiana State University",39.5,-87.40000153,"IN","$8,115","45%",8115,0.45
213020,"Indiana University of Pennsylvania-Main Campus",40.59999847,-79.19999695,"PA","$13,612","37%",13612,0.37
151351,"Indiana University-Bloomington",39.20000076,-86.5,"IN","$4,855","16%",4855,0.16
151388,"Indiana University-East",39.90000153,-84.90000153,"IN","$5,136","32%",5136,0.32
151333,"Indiana University-Kokomo",40.5,-86.09999847,"IN","$6,103","31%",6103,0.31
151360,"Indiana University-Northwest",41.59999847,-87.30000305,"IN","$5,488","31%",5488,0.31
151102,"Indiana University-Purdue University-Fort Wayne",41.09999847,-85.09999847,"IN","$13,639","33%",13639,0.33
151111,"Indiana University-Purdue University-Indianapolis",39.79999924,-86.19999695,"IN","$7,922","37%",7922,0.37
151342,"Indiana University-South Bend",41.70000076,-86.19999695,"IN","$6,471","34%",6471,0.34
151379,"Indiana University-Southeast",38.29999924,-85.80000305,"IN","$7,255","32%",7255,0.32
153603,"Iowa State University",42,-93.59999847,"IA","$8,721","22%",8721,0.22
175856,"Jackson State University",32.29999924,-90.19999695,"MS","$14,455","66%",14455,0.66
101480,"Jacksonville State University",33.79999924,-85.80000305,"AL","$15,642","44%",15642,0.44
232423,"James Madison University",38.40000153,-78.90000153,"VA","$11,154","14%",11154,0.14
230913,"Johnson State College",44.59999847,-72.69999695,"VT","$13,943","28%",13943,0.28
155399,"Kansas State University",39.20000076,-96.59999847,"KS","$12,904","24%",12904,0.24
185262,"Kean University",40.70000076,-74.19999695,"NJ","$13,287","43%",13287,0.43
183062,"Keene State College",42.90000153,-72.30000305,"NH","$14,053","24%",14053,0.24
140164,"Kennesaw State University",34,-84.59999847,"GA","$13,686","41%",13686,0.41000000000000003
203447,"Kent State University at Ashtabula",41.90000153,-80.80000305,"OH","$11,100","59%",11100,0.59
203456,"Kent State University at East Liverpool",40.59999847,-80.59999847,"OH","$10,711","55%",10711,0.55
203526,"Kent State University at Geauga",41.5,-81.09999847,"OH","$8,786","40%",8786,0.4
203517,"Kent State University at Kent",41.09999847,-81.30000305,"OH","$14,701","33%",14701,0.33
203492,"Kent State University at Salem",40.90000153,-80.80000305,"OH","$9,208","50%",9208,0.5
203465,"Kent State University at Stark",40.90000153,-81.40000153,"OH","$8,448","52%",8448,0.52
203474,"Kent State University at Trumbull",41.29999924,-80.80000305,"OH","$10,764","59%",10764,0.59
203483,"Kent State University at Tuscarawas",40.5,-81.40000153,"OH","$9,547","48%",9547,0.48
157058,"Kentucky State University",38.20000076,-84.90000153,"KY","$8,544","59%",8544,0.59
213349,"Kutztown University of Pennsylvania",40.5,-75.80000305,"PA","$14,791","32%",14791,0.32
170639,"Lake Superior State University",46.5,-84.40000153,"MI","$5,368","39%",5368,0.39
226091,"Lamar University",30,-94.09999847,"TX","$12,412","44%",12412,0.44
218229,"Lander University",34.20000076,-82.19999695,"SC","$10,234","49%",10234,0.49
207209,"Langston University",35.90000153,-97.30000305,"OK","$6,098","73%",6098,0.73
142328,"Lewis-Clark State College",46.40000153,-117,"ID","$10,409","38%",10409,0.38
177940,"Lincoln University",38.59999847,-92.19999695,"MO","$9,070","56%",9070,0.56
213598,"Lincoln University of Pennsylvania",39.79999924,-75.90000153,"PA","$14,150","63%",14150,0.63
213613,"Lock Haven University",41.09999847,-77.5,"PA","$12,470","40%",12470,0.4
232566,"Longwood University",37.29999924,-78.40000153,"VA","$11,651","25%",11651,0.25
159391,"Louisiana State University and Agricultural & Mechanical College",30.60000038,-91.19999695,"LA","$5,692","20%",5692,0.2
159382,"Louisiana State University-Alexandria",31.20000076,-92.40000153,"LA","$8,626","40%",8626,0.4
159416,"Louisiana State University-Shreveport",32.40000153,-93.69999695,"LA","$6,985","32%",6985,0.32
159647,"Louisiana Tech University",32.5,-92.59999847,"LA","$6,743","21%",6743,0.21
230931,"Lyndon State College",44.5,-72,"VT","$12,736","31%",12736,0.31
140322,"Macon State College",32.79999924,-83.69999695,"GA",,,0,0
238263,"Madison Area Technical College",43.09999847,-89.30000305,"WI","$6,954","33%",6954,0.33
161299,"Maine Maritime Academy",44.40000153,-68.80000305,"ME","$17,627","29%",17627,0.29
213783,"Mansfield University of Pennsylvania",41.79999924,-77.09999847,"PA","$11,828","44%",11828,0.44
237525,"Marshall University",38.40000153,-82.40000153,"WV","$6,260","43%",6260,0.43
166674,"Massachusetts College of Art and Design",42.29999924,-71.09999847,"MA","$17,383","27%",17383,0.27
167288,"Massachusetts College of Liberal Arts",42.70000076,-73.09999847,"MA","$10,364","46%",10364,0.46
200226,"Mayville State University",47.5,-97.30000305,"ND","$8,070","28%",8070,0.28
159717,"McNeese State University",30.20000076,-93.19999695,"LA","$7,293","36%",7293,0.36
174020,"Metropolitan State University",45,-93.09999847,"MN","$13,445","43%",13445,0.43
127565,"Metropolitan State University of Denver",39.70000076,-105,"CO","$8,399","38%",8399,0.38
204006,"Miami University-Hamilton",39.40000153,-84.59999847,"OH","$9,506","46%",9506,0.46
204015,"Miami University-Middletown",39.5,-84.40000153,"OH","$10,115","42%",10115,0.42
204024,"Miami University-Oxford",39.5,-84.69999695,"OH","$15,924","14%",15924,0.14
171100,"Michigan State University",42.70000076,-84.5,"MI","$6,434","23%",6434,0.23
171128,"Michigan Technological University",47.09999847,-88.5,"MI","$8,056","26%",8056,0.26
140483,"Middle Georgia College",32.40000153,-83.30000305,"GA",,,0,0
220978,"Middle Tennessee State University",35.79999924,-86.40000153,"TN","$7,904","45%",7904,0.45
226806,"Midland College",32,-102.0999985,"TX","$6,905","21%",6905,0.21
226833,"Midwestern State University",33.90000153,-98.5,"TX","$8,026","38%",8026,0.38
214041,"Millersville University of Pennsylvania",40,-76.40000153,"PA","$11,382","33%",11382,0.33
173920,"Minnesota State University-Mankato",44.09999847,-94,"MN","$9,806","29%",9806,0.29
174358,"Minnesota State University-Moorhead",46.90000153,-96.80000305,"MN","$11,497","32%",11497,0.32
200253,"Minot State University",48.20000076,-101.3000031,"ND","$8,034","22%",8034,0.22
176080,"Mississippi State University",33.5,-88.80000305,"MS","$14,117","33%",14117,0.33
176035,"Mississippi University for Women",33.5,-88.40000153,"MS","$9,435","47%",9435,0.47000000000000003
176044,"Mississippi Valley State University",33.5,-90.30000305,"MS","$6,659","77%",6659,0.77
178341,"Missouri Southern State University",37.09999847,-94.5,"MO","$7,161","56%",7161,0.56
179566,"Missouri State University-Springfield",37.20000076,-93.30000305,"MO","$11,872","33%",11872,0.33
178411,"Missouri University of Science and Technology",38,-91.80000305,"MO","$10,832","26%",10832,0.26
178387,"Missouri Western State University",39.79999924,-94.80000305,"MO","$8,780","43%",8780,0.43
180461,"Montana State University",45.70000076,-111,"MT","$13,699","29%",13699,0.29
180179,"Montana State University-Billings",45.79999924,-108.5,"MT","$11,344","37%",11344,0.37
180522,"Montana State University-Northern",48.5,-109.6999969,"MT","$11,788","47%",11788,0.47000000000000003
180416,"Montana Tech of the University of Montana",46,-112.5999985,"MT","$9,983","35%",9983,0.35000000000000003
185590,"Montclair State University",40.90000153,-74.19999695,"NJ","$18,470","38%",18470,0.38
157386,"Morehead State University",38.20000076,-83.40000153,"KY","$8,727","37%",8727,0.37
163453,"Morgan State University",39.29999924,-76.59999847,"MD","$13,138","57%",13138,0.5700000000000001
196051,"Morrisville State College",42.90000153,-75.59999847,"NY","$11,877","61%",11877,0.61
157401,"Murray State University",36.59999847,-88.30000305,"KY","$6,787","34%",6787,0.34
441900,"Nevada State College",36,-114.9000015,"NV","$11,425","37%",11425,0.37
262129,"New College of Florida",27.39999962,-82.59999847,"FL","$6,411","28%",6411,0.28
185129,"New Jersey City University",40.70000076,-74.09999847,"NJ","$5,653","56%",5653,0.56
185828,"New Jersey Institute of Technology",40.70000076,-74.19999695,"NJ","$11,445","38%",11445,0.38
187897,"New Mexico Highlands University",35.59999847,-105.1999969,"NM","$5,884","53%",5884,0.53
187967,"New Mexico Institute of Mining and Technology",34.09999847,-106.9000015,"NM","$8,547","30%",8547,0.3
188030,"New Mexico State University-Main Campus",32.29999924,-106.6999969,"NM","$7,642","42%",7642,0.42
159966,"Nicholls State University",29.79999924,-90.80000305,"LA","$7,938","39%",7938,0.39
232937,"Norfolk State University",36.79999924,-76.30000305,"VA","$10,146","61%",10146,0.61
199102,"North Carolina A & T State University",36.09999847,-79.80000305,"NC","$8,597","61%",8597,0.61
199157,"North Carolina Central University",36,-78.90000153,"NC","$8,678","65%",8678,0.65
199193,"North Carolina State University at Raleigh",35.79999924,-78.69999695,"NC","$6,451","22%",6451,0.22
200332,"North Dakota State University-Main Campus",46.90000153,-96.80000305,"ND","$11,272","21%",11272,0.21
147776,"Northeastern Illinois University",42,-87.69999695,"IL","$15,621","48%",15621,0.48
207263,"Northeastern State University",35.90000153,-95,"OK","$5,659","50%",5659,0.5
105330,"Northern Arizona University",35.20000076,-111.6999969,"AZ","$10,553","37%",10553,0.37
147703,"Northern Illinois University",41.90000153,-88.80000305,"IL","$15,851","44%",15851,0.44
157447,"Northern Kentucky University",39,-84.5,"KY","$4,085","34%",4085,0.34
171456,"Northern Michigan University",46.59999847,-87.40000153,"MI","$7,528","39%",7528,0.39
188058,"Northern New Mexico College",36,-106.0999985,"NM","$8,728","43%",8728,0.43
219259,"Northern State University",45.5,-98.5,"SD","$11,757","23%",11757,0.23
136233,"Northwest Florida State College",30.5,-86.5,"FL","$7,562","33%",7562,0.33
380377,"Northwest Indian College",48.79999924,-122.5999985,"WA","$6,398","91%",6398,0.91
178624,"Northwest Missouri State University",40.40000153,-94.90000153,"MO","$6,839","35%",6839,0.35000000000000003
207306,"Northwestern Oklahoma State University",36.79999924,-98.69999695,"OK","$5,431","34%",5431,0.34
160038,"Northwestern State University of Louisiana",31.79999924,-93.09999847,"LA","$10,083","40%",10083,0.4
171571,"Oakland University",42.70000076,-83.19999695,"MI","$8,013","32%",8013,0.32
204671,"Ohio State University-Lima Campus",40.70000076,-84,"OH","$8,970","37%",8970,0.37
204796,"Ohio State University-Main Campus",40,-83,"OH","$10,566","22%",10566,0.22
204680,"Ohio State University-Mansfield Campus",40.79999924,-82.59999847,"OH","$12,842","46%",12842,0.46
204699,"Ohio State University-Marion Campus",40.59999847,-83.09999847,"OH","$8,547","42%",8547,0.42
204705,"Ohio State University-Newark Campus",40.09999847,-82.40000153,"OH","$12,966","41%",12966,0.41000000000000003
204820,"Ohio University-Chillicothe Campus",39.29999924,-83,"OH","$9,495","60%",9495,0.6
204802,"Ohio University-Eastern Campus",40.09999847,-81,"OH","$6,838","29%",6838,0.29
204848,"Ohio University-Lancaster Campus",39.70000076,-82.59999847,"OH","$8,497","43%",8497,0.43
204857,"Ohio University-Main Campus",39.29999924,-82.09999847,"OH","$14,201","26%",14201,0.26
204839,"Ohio University-Southern Campus",38.5,-82.69999695,"OH","$10,143","57%",10143,0.5700000000000001
204866,"Ohio University-Zanesville Campus",40,-82,"OH","$7,618","39%",7618,0.39
207351,"Oklahoma Panhandle State University",36.59999847,-101.5999985,"OK","$9,951","41%",9951,0.41000000000000003
207564,"Oklahoma State University Institute of Technology",35.59999847,-95.90000153,"OK","$6,631","49%",6631,0.49
207388,"Oklahoma State University-Main Campus",36.09999847,-97.09999847,"OK","$9,630","28%",9630,0.28
207397,"Oklahoma State University-Oklahoma City",35.5,-97.59999847,"OK","$5,682","40%",5682,0.4
232982,"Old Dominion University",36.90000153,-76.30000305,"VA","$10,351","35%",10351,0.35000000000000003
236188,"Olympic College",47.59999847,-122.5999985,"WA","$4,912","30%",4912,0.3
209506,"Oregon Institute of Technology",42.29999924,-121.8000031,"OR","$11,692","33%",11692,0.33
209542,"Oregon State University",44.59999847,-123.3000031,"OR","$14,804","32%",14804,0.32
236258,"Peninsula College",48.09999847,-123.4000015,"WA","$4,344","37%",4344,0.37
366252,"Pennsylvania College of Technology",41.20000076,-77,"PA","$20,146","41%",20146,0.41000000000000003
214777,"Pennsylvania State University-Main Campus",40.79999924,-77.90000153,"PA","$20,010","17%",20010,0.17
214801,"Pennsylvania State University-Penn State Abington",40.09999847,-75.09999847,"PA","$8,256","42%",8256,0.42
214689,"Pennsylvania State University-Penn State Altoona",40.5,-78.40000153,"PA","$17,106","32%",17106,0.32
214698,"Pennsylvania State University-Penn State Beaver",40.70000076,-80.30000305,"PA","$12,015","40%",12015,0.4
214704,"Pennsylvania State University-Penn State Berks",40.40000153,-76,"PA","$17,388","35%",17388,0.35000000000000003
214731,"Pennsylvania State University-Penn State Brandywine",39.90000153,-75.40000153,"PA","$9,600","34%",9600,0.34
214740,"Pennsylvania State University-Penn State Dubois",41.09999847,-78.80000305,"PA","$12,087","47%",12087,0.47000000000000003
214591,"Pennsylvania State University-Penn State Erie-Behrend College",42.09999847,-80,"PA","$16,747","31%",16747,0.31
214759,"Pennsylvania State University-Penn State Fayette- Eberly",39.90000153,-79.69999695,"PA","$9,919","43%",9919,0.43
214786,"Pennsylvania State University-Penn State Greater Allegheny",40.29999924,-79.80000305,"PA","$13,627","47%",13627,0.47000000000000003
214713,"Pennsylvania State University-Penn State Harrisburg",40.20000076,-76.69999695,"PA","$16,141","33%",16141,0.33
214768,"Pennsylvania State University-Penn State Hazleton",41,-76,"PA","$16,037","47%",16037,0.47000000000000003
214670,"Pennsylvania State University-Penn State Lehigh Valley",40.59999847,-75.40000153,"PA","$10,194","37%",10194,0.37
214795,"Pennsylvania State University-Penn State Mont Alto",39.79999924,-77.5,"PA","$16,140","37%",16140,0.37
214625,"Pennsylvania State University-Penn State New Kensington",40.59999847,-79.69999695,"PA","$6,548","33%",6548,0.33
214810,"Pennsylvania State University-Penn State Schuylkill",40.59999847,-76.19999695,"PA","$13,169","51%",13169,0.51
214634,"Pennsylvania State University-Penn State Shenango",41.20000076,-80.5,"PA","$14,013","50%",14013,0.5
214643,"Pennsylvania State University-Penn State Wilkes-Barre",41.29999924,-76,"PA","$9,953","35%",9953,0.35000000000000003
214652,"Pennsylvania State University-Penn State Worthington Scranton",41.40000153,-75.59999847,"PA","$10,003","48%",10003,0.48
214829,"Pennsylvania State University-Penn State York",40,-76.69999695,"PA","$10,142","31%",10142,0.31
136473,"Pensacola State College",30.5,-87.19999695,"FL","$6,703","35%",6703,0.35000000000000003
181534,"Peru State College",40.5,-95.69999695,"NE","$11,452","33%",11452,0.33
155681,"Pittsburg State University",37.40000153,-94.69999695,"KS","$9,301","39%",9301,0.39
183080,"Plymouth State University",43.79999924,-71.69999695,"NH","$15,237","29%",15237,0.29
209807,"Portland State University",45.5,-122.6999969,"OR","$11,509","41%",11509,0.41000000000000003
227526,"Prairie View A & M University",30.10000038,-96,"TX","$7,524","66%",7524,0.66
152248,"Purdue University-Calumet Campus",41.59999847,-87.5,"IN","$8,585","31%",8585,0.31
243780,"Purdue University-Main Campus",40.40000153,-86.90000153,"IN","$7,153","20%",7153,0.2
152266,"Purdue University-North Central Campus",41.59999847,-86.90000153,"IN","$5,809","26%",5809,0.26
233277,"Radford University",37.09999847,-80.5,"VA","$11,448","29%",11448,0.29
186201,"Ramapo College of New Jersey",41,-74.09999847,"NJ","$9,805","28%",9805,0.28
217420,"Rhode Island College",41.79999924,-71.5,"RI","$6,164","41%",6164,0.41000000000000003
207661,"Rogers State University",36.29999924,-95.59999847,"OK","$11,070","46%",11070,0.46
184782,"Rowan University",39.70000076,-75.09999847,"NJ","$18,908","30%",18908,0.3
186371,"Rutgers University-Camden",39.90000153,-75.09999847,"NJ","$7,827","48%",7827,0.48
186380,"Rutgers University-New Brunswick",40.5,-74.5,"NJ","$11,953","30%",11953,0.3
186399,"Rutgers University-Newark",40.70000076,-74.19999695,"NJ","$7,464","52%",7464,0.52
172051,"Saginaw Valley State University",43.59999847,-84,"MI","$11,580","38%",11580,0.38
174783,"Saint Cloud State University",45.59999847,-94.19999695,"MN","$10,804","30%",10804,0.3
167729,"Salem State University",42.5,-70.90000153,"MA","$11,612","33%",11612,0.33
163851,"Salisbury University",38.29999924,-75.59999847,"MD","$8,468","21%",8468,0.21
227881,"Sam Houston State University",30.70000076,-95.59999847,"TX","$10,651","43%",10651,0.43
122409,"San Diego State University",32.79999924,-117.0999985,"CA","$6,980","40%",6980,0.4
122597,"San Francisco State University",37.70000076,-122.5,"CA","$7,249","43%",7249,0.43
122755,"San Jose State University",37.29999924,-121.9000015,"CA","$8,594","42%",8594,0.42
140960,"Savannah State University",32,-81.09999847,"GA","$9,211","74%",9211,0.74
205443,"Shawnee State University",38.70000076,-83,"OH","$12,681","54%",12681,0.54
237792,"Shepherd University",39.40000153,-77.80000305,"WV","$7,125","33%",7125,0.33
216010,"Shippensburg University of Pennsylvania",40.09999847,-77.5,"PA","$14,298","31%",14298,0.31
216038,"Slippery Rock University of Pennsylvania",41.09999847,-80.09999847,"PA","$12,628","32%",12628,0.32
123572,"Sonoma State University",38.29999924,-122.6999969,"CA","$10,077","32%",10077,0.32
218733,"South Carolina State University",33.5,-80.90000153,"SC","$18,033","72%",18033,0.72
219347,"South Dakota School of Mines and Technology",44.09999847,-103.1999969,"SD","$14,211","26%",14211,0.26
219356,"South Dakota State University",44.29999924,-96.80000305,"SD","$12,830","26%",12830,0.26
409315,"South Texas College",26.20000076,-98.30000305,"TX","$920","40%",920,0.4
179557,"Southeast Missouri State University",37.29999924,-89.5,"MO","$9,393","35%",9393,0.35000000000000003
160612,"Southeastern Louisiana University",30.5,-90.5,"LA","$8,124","37%",8124,0.37
207847,"Southeastern Oklahoma State University",34,-96.40000153,"OK","$6,157","48%",6157,0.48
107983,"Southern Arkansas University Main Campus",33.29999924,-93.19999695,"AR","$9,354","50%",9354,0.5
130493,"Southern Connecticut State University",41.29999924,-72.90000153,"CT","$10,835","36%",10835,0.36
149222,"Southern Illinois University-Carbondale",37.70000076,-89.19999695,"IL","$13,521","43%",13521,0.43
149231,"Southern Illinois University-Edwardsville",38.79999924,-90,"IL","$12,288","36%",12288,0.36
210146,"Southern Oregon University",42.20000076,-122.6999969,"OR","$11,325","38%",11325,0.38
141097,"Southern Polytechnic State University",33.90000153,-84.5,"GA","$9,785","41%",9785,0.41000000000000003
160621,"Southern University and A & M College",30.5,-91.19999695,"LA","$10,849","63%",10849,0.63
160630,"Southern University at New Orleans",30,-90,"LA","$7,437","60%",7437,0.6
230603,"Southern Utah University",37.70000076,-113.0999985,"UT","$11,375","39%",11375,0.39
175078,"Southwest Minnesota State University",44.5,-95.80000305,"MN","$10,952","15%",10952,0.15
207865,"Southwestern Oklahoma State University",35.5,-98.69999695,"OK","$7,859","38%",7859,0.38
163912,"St Mary's College of Maryland",38.20000076,-76.40000153,"MD","$4,827","19%",4827,0.19
137078,"St Petersburg College",27.89999962,-82.69999695,"FL","$6,904","43%",6904,0.43
196176,"State University of New York at New Paltz",41.70000076,-74.09999847,"NY","$8,551","30%",8551,0.3
228431,"Stephen F Austin State University",31.60000038,-94.59999847,"TX","$16,911","42%",16911,0.42
228501,"Sul Ross State University",30.39999962,-103.6999969,"TX","$8,906","57%",8906,0.5700000000000001
196060,"SUNY at Albany",42.70000076,-73.80000305,"NY","$10,515","39%",10515,0.39
196079,"SUNY at Binghamton",42.09999847,-76,"NY","$10,585","29%",10585,0.29
196158,"SUNY at Fredonia",42.5,-79.30000305,"NY","$10,223","36%",10223,0.36
196219,"SUNY at Purchase College",41,-73.69999695,"NY","$12,423","33%",12423,0.33
196121,"SUNY College at Brockport",43.20000076,-77.90000153,"NY","$8,747","40%",8747,0.4
196149,"SUNY College at Cortland",42.59999847,-76.19999695,"NY","$10,442","28%",10442,0.28
196167,"SUNY College at Geneseo",42.79999924,-77.80000305,"NY","$9,704","25%",9704,0.25
196237,"SUNY College at Old Westbury",40.79999924,-73.59999847,"NY","$3,692","51%",3692,0.51
196194,"SUNY College at Oswego",43.5,-76.5,"NY","$9,917","41%",9917,0.41000000000000003
196246,"SUNY College at Plattsburgh",44.70000076,-73.5,"NY","$8,366","36%",8366,0.36
196200,"SUNY College at Potsdam",44.70000076,-75,"NY","$9,150","45%",9150,0.45
196264,"SUNY Empire State College",43.09999847,-73.80000305,"NY","$12,210","35%",12210,0.35000000000000003
196112,"SUNY Institute of Technology at Utica-Rome",43.09999847,-75.19999695,"NY","$9,003","42%",9003,0.42
196185," SUNY Oneonta",42.5,-75.09999847,"NY","$8,508","30%",8508,0.3
228529,"Tarleton State University",32.20000076,-98.19999695,"TX","$12,403","41%",12403,0.41000000000000003
216339,"Temple University",40,-75.19999695,"PA","$16,176","35%",16176,0.35000000000000003
221838,"Tennessee State University",36.20000076,-86.80000305,"TN","$8,798","65%",8798,0.65
221847,"Tennessee Technological University",36.20000076,-85.5,"TN","$9,532","36%",9532,0.36
226152,"Texas A & M International University",27.60000038,-99.40000153,"TX","$4,043","56%",4043,0.56
228723,"Texas A & M University-College Station",30.60000038,-96.30000305,"TX","$4,304","22%",4304,0.22
224554,"Texas A & M University-Commerce",33.20000076,-95.90000153,"TX","$6,940","50%",6940,0.5
224147,"Texas A & M University-Corpus Christi",27.70000076,-97.30000305,"TX","$13,526","41%",13526,0.41000000000000003
228714,"Texas A & M University-Galveston",29.29999924,-94.80000305,"TX",,,0,0
228705,"Texas A & M University-Kingsville",27.5,-97.90000153,"TX","$9,157","50%",9157,0.5
224545,"Texas A & M University-Texarkana",33.5,-94.09999847,"TX","$3,881","45%",3881,0.45
229063,"Texas Southern University",29.70000076,-95.40000153,"TX","$17,973","67%",17973,0.67
228459,"Texas State University",29.89999962,-97.90000153,"TX","$9,149","35%",9149,0.35000000000000003
229115,"Texas Tech University",33.59999847,-101.9000015,"TX","$9,733","28%",9733,0.28
229179,"Texas Woman's University",33.20000076,-97.09999847,"TX","$6,161","45%",6161,0.45
187134,"The College of New Jersey",40.29999924,-74.80000305,"NJ","$6,910","18%",6910,0.18
235167,"The Evergreen State College",47.09999847,-123,"WA","$9,951","46%",9951,0.46
186876,"The Richard Stockton College of New Jersey",39.5,-74.5,"NJ","$12,702","36%",12702,0.36
100751,"The University of Alabama",33.20000076,-87.5,"AL","$17,957","20%",17957,0.2
180489,"The University of Montana",46.90000153,-114,"MT","$11,239","38%",11239,0.38
180692,"The University of Montana-Western",45.20000076,-112.5999985,"MT","$8,410","42%",8410,0.42
221740,"The University of Tennessee-Chattanooga",35,-85.30000305,"TN","$6,873","34%",6873,0.34
221759,"The University of Tennessee-Knoxville",36,-83.90000153,"TN","$8,770","30%",8770,0.3
221768,"The University of Tennessee-Martin",36.29999924,-88.90000153,"TN","$5,016","48%",5016,0.48
228769,"The University of Texas at Arlington",32.70000076,-97.09999847,"TX","$10,493","40%",10493,0.4
228778,"The University of Texas at Austin",30.29999924,-97.69999695,"TX","$10,696","26%",10696,0.26
227377,"The University of Texas at Brownsville",25.89999962,-97.5,"TX","$5,638","51%",5638,0.51
228787,"The University of Texas at Dallas",33,-96.69999695,"TX","$8,471","36%",8471,0.36
228796,"The University of Texas at El Paso",31.79999924,-106.5,"TX","$5,130","58%",5130,0.58
229027,"The University of Texas at San Antonio",29.60000038,-98.59999847,"TX","$8,462","43%",8462,0.43
228802,"The University of Texas at Tyler",32.29999924,-95.19999695,"TX","$8,306","35%",8306,0.35000000000000003
229018,"The University of Texas of the Permian Basin",31.89999962,-102.3000031,"TX","$4,514","19%",4514,0.19
227368,"The University of Texas-Pan American",26.29999924,-98.19999695,"TX","$1,715","63%",1715,0.63
233897,"The University of Virginia's College at Wise",37,-82.59999847,"VA","$8,129","38%",8129,0.38
138354,"The University of West Florida",30.5,-87.19999695,"FL","$8,387","39%",8387,0.39
164076,"Towson University",39.40000153,-76.59999847,"MD","$9,034","26%",9034,0.26
102368,"Troy University",31.79999924,-86,"AL","$11,740","45%",11740,0.45
178615,"Truman State University",40.20000076,-92.59999847,"MO","$7,798","20%",7798,0.2
196088,"University at Buffalo",43,-78.80000305,"NY","$10,146","30%",10146,0.3
200800,"University of Akron Main Campus",41.09999847,-81.5,"OH","$15,204","39%",15204,0.39
100663,"University of Alabama at Birmingham",33.5,-86.80000305,"AL","$12,453","35%",12453,0.35000000000000003
100706,"University of Alabama in Huntsville",34.70000076,-86.59999847,"AL","$15,224","31%",15224,0.31
102553,"University of Alaska Anchorage",61.20000076,-149.8000031,"AK","$6,723","24%",6723,0.24
102614,"University of Alaska Fairbanks",64.90000153,-147.8000031,"AK","$6,952","23%",6952,0.23
102632,"University of Alaska Southeast",58.40000153,-134.6000061,"AK","$7,339","18%",7339,0.18
104179,"University of Arizona",32.20000076,-111,"AZ","$11,562","33%",11562,0.33
106397,"University of Arkansas",36.09999847,-94.19999695,"AR","$10,703","24%",10703,0.24
106245,"University of Arkansas at Little Rock",34.70000076,-92.30000305,"AR","$12,616","39%",12616,0.39
106485,"University of Arkansas at Monticello",33.59999847,-91.80000305,"AR","$9,795","61%",9795,0.61
106412,"University of Arkansas at Pine Bluff",34.20000076,-92,"AR","$7,641","72%",7641,0.72
108092,"University of Arkansas-Fort Smith",35.40000153,-94.40000153,"AR","$7,283","51%",7283,0.51
161873,"University of Baltimore",39.29999924,-76.59999847,"MD","$12,601","43%",12601,0.43
110635,"University of California-Berkeley",37.90000153,-122.3000031,"CA","$8,607","31%",8607,0.31
110644,"University of California-Davis",38.5,-121.8000031,"CA","$10,492","43%",10492,0.43
110653,"University of California-Irvine",33.59999847,-117.8000031,"CA","$8,532","45%",8532,0.45
110662,"University of California-Los Angeles",34.09999847,-118.4000015,"CA","$8,027","36%",8027,0.36
445188,"University of California-Merced",37.40000153,-120.4000015,"CA","$8,720","62%",8720,0.62
110671,"University of California-Riverside",34,-117.3000031,"CA","$9,678","58%",9678,0.58
110680,"University of California-San Diego",32.90000153,-117.1999969,"CA","$8,362","40%",8362,0.4
110705,"University of California-Santa Barbara",34.40000153,-119.8000031,"CA","$10,190","38%",10190,0.38
110714,"University of California-Santa Cruz",37,-122.0999985,"CA","$10,862","46%",10862,0.46
106704,"University of Central Arkansas",35.09999847,-92.5,"AR","$9,749","41%",9749,0.41000000000000003
132903,"University of Central Florida",28.60000038,-81.19999695,"FL","$10,637","38%",10637,0.38
176965,"University of Central Missouri",38.79999924,-93.69999695,"MO","$11,498","37%",11498,0.37
206941,"University of Central Oklahoma",35.70000076,-97.5,"OK","$8,282","35%",8282,0.35000000000000003
201955,"University of Cincinnati-Blue Ash College",39.20000076,-84.40000153,"OH","$10,844","43%",10844,0.43
201946,"University of Cincinnati-Clermont College",39.09999847,-84.19999695,"OH","$11,241","42%",11241,0.42
201885,"University of Cincinnati-Main Campus",39.09999847,-84.5,"OH","$16,089","26%",16089,0.26
126614,"University of Colorado Boulder",40,-105.3000031,"CO","$14,071","18%",14071,0.18
126580,"University of Colorado Colorado Springs",38.90000153,-104.8000031,"CO","$12,821","32%",12821,0.32
126562,"University of Colorado Denver",39.70000076,-105,"CO","$10,153","27%",10153,0.27
129020,"University of Connecticut",41.79999924,-72.19999695,"CT","$12,936","21%",12936,0.21
436827,"University of Connecticut-Avery Point",41.29999924,-72.09999847,"CT","$5,987","28%",5987,0.28
436836,"University of Connecticut-Stamford",41.09999847,-73.5,"CT","$5,762","34%",5762,0.34
130943,"University of Delaware",39.70000076,-75.80000305,"DE","$10,643","14%",10643,0.14
134130,"University of Florida",29.60000038,-82.40000153,"FL","$7,207","32%",7207,0.32
139959,"University of Georgia",34,-83.40000153,"GA","$8,558","24%",8558,0.24
141565,"University of Hawaii at Hilo",19.70000076,-155.1000061,"HI","$8,323","47%",8323,0.47000000000000003
141574,"University of Hawaii at Manoa",21.29999924,-157.8000031,"HI","$7,506","30%",7506,0.3
141839,"University of Hawaii Maui College",20.89999962,-156.5,"HI","$6,245","45%",6245,0.45
141981,"University of Hawaii-West Oahu",21.39999962,-158.1000061,"HI","$5,730","35%",5730,0.35000000000000003
225511,"University of Houston",29.70000076,-95.30000305,"TX","$9,421","38%",9421,0.38
225432,"University of Houston-Downtown",29.79999924,-95.40000153,"TX","$5,769","47%",5769,0.47000000000000003
225502,"University of Houston-Victoria",28.79999924,-97,"TX","$7,246","43%",7246,0.43
142285,"University of Idaho",46.70000076,-117,"ID","$10,655","40%",10655,0.4
145600,"University of Illinois at Chicago",41.90000153,-87.69999695,"IL","$9,663","51%",9663,0.51
148654,"University of Illinois at Springfield",39.70000076,-89.59999847,"IL","$7,052","37%",7052,0.37
145637,"University of Illinois at Urbana-Champaign",40.09999847,-88.19999695,"IL","$7,801","21%",7801,0.21
153658,"University of Iowa",41.70000076,-91.5,"IA","$8,584","19%",8584,0.19
155317,"University of Kansas",39,-95.19999695,"KS","$15,089","22%",15089,0.22
157085,"University of Kentucky",38,-84.5,"KY","$10,051","25%",10051,0.25
160658,"University of Louisiana at Lafayette",30.20000076,-92,"LA","$6,841","33%",6841,0.33
159993,"University of Louisiana at Monroe",32.5,-92.09999847,"LA","$7,558","40%",7558,0.4
157289,"University of Louisville",38.20000076,-85.80000305,"KY","$10,479","29%",10479,0.29
161253,"University of Maine",44.90000153,-68.69999695,"ME","$13,150","33%",13150,0.33
161217,"University of Maine at Augusta",44.29999924,-69.80000305,"ME","$9,685","56%",9685,0.56
161226,"University of Maine at Farmington",44.70000076,-70.09999847,"ME","$12,685","48%",12685,0.48
161235,"University of Maine at Fort Kent",47.29999924,-68.59999847,"ME","$9,912","35%",9912,0.35000000000000003
161244,"University of Maine at Machias",44.70000076,-67.5,"ME","$7,775","39%",7775,0.39
161341,"University of Maine at Presque Isle",46.70000076,-68,"ME","$8,029","40%",8029,0.4
232681,"University of Mary Washington",38.29999924,-77.5,"VA","$13,194","16%",13194,0.16
163338,"University of Maryland Eastern Shore",38.20000076,-75.69999695,"MD","$11,345","54%",11345,0.54
163268,"University of Maryland-Baltimore County",39.29999924,-76.69999695,"MD","$11,501","27%",11501,0.27
163286,"University of Maryland-College Park",39,-76.90000153,"MD","$6,938","20%",6938,0.2
166629,"University of Massachusetts-Amherst",42.40000153,-72.5,"MA","$11,064","25%",11064,0.25
166638,"University of Massachusetts-Boston",42.29999924,-71,"MA","$7,346","39%",7346,0.39
167987,"University of Massachusetts-Dartmouth",41.59999847,-71,"MA","$10,248","38%",10248,0.38
166513,"University of Massachusetts-Lowell",42.70000076,-71.30000305,"MA","$10,718","29%",10718,0.29
220862,"University of Memphis",35.09999847,-90,"TN","$9,894","47%",9894,0.47000000000000003
170976,"University of Michigan-Ann Arbor",42.29999924,-83.69999695,"MI","$5,470","16%",5470,0.16
171137,"University of Michigan-Dearborn",42.29999924,-83.19999695,"MI","$8,483","43%",8483,0.43
171146,"University of Michigan-Flint",43,-83.69999695,"MI","$10,039","42%",10039,0.42
174075,"University of Minnesota-Crookston",47.79999924,-96.59999847,"MN","$8,509","22%",8509,0.22
174233,"University of Minnesota-Duluth",46.79999924,-92.09999847,"MN","$8,312","24%",8312,0.24
174251,"University of Minnesota-Morris",45.59999847,-95.90000153,"MN","$8,797","30%",8797,0.3
456959,"University of Minnesota-Rochester",44,-92.5,"MN","$10,911","28%",10911,0.28
174066,"University of Minnesota-Twin Cities",45,-93.19999695,"MN","$8,650","21%",8650,0.21
176017,"University of Mississippi",34.40000153,-89.5,"MS","$13,678","28%",13678,0.28
178396,"University of Missouri-Columbia",38.90000153,-92.30000305,"MO","$13,035","21%",13035,0.21
178402,"University of Missouri-Kansas City",39,-94.59999847,"MO","$16,488","32%",16488,0.32
178420,"University of Missouri-St Louis",38.70000076,-90.30000305,"MO","$9,704","29%",9704,0.29
101709,"University of Montevallo",33.09999847,-86.90000153,"AL","$14,450","40%",14450,0.4
181215,"University of Nebraska at Kearney",40.70000076,-99.09999847,"NE","$12,119","34%",12119,0.34
181394,"University of Nebraska at Omaha",41.29999924,-96,"NE","$9,066","33%",9066,0.33
181464,"University of Nebraska-Lincoln",40.79999924,-96.69999695,"NE","$11,395","20%",11395,0.2
182281,"University of Nevada-Las Vegas",36.09999847,-115.0999985,"NV","$10,041","35%",10041,0.35000000000000003
182290,"University of Nevada-Reno",39.5,-119.8000031,"NV","$11,779","30%",11779,0.3
183071,"University of New Hampshire at Manchester",43,-71.5,"NH","$13,000","28%",13000,0.28
183044,"University of New Hampshire-Main Campus",43.09999847,-70.90000153,"NH","$15,985","22%",15985,0.22
187985,"University of New Mexico-Main Campus",35.09999847,-106.5999985,"NM","$9,056","39%",9056,0.39
159939,"University of New Orleans",30,-90.09999847,"LA","$7,142","33%",7142,0.33
101879,"University of North Alabama",34.79999924,-87.69999695,"AL","$9,335","41%",9335,0.41000000000000003
199111,"University of North Carolina at Asheville",35.59999847,-82.59999847,"NC","$8,127","34%",8127,0.34
199120,"University of North Carolina at Chapel Hill",35.90000153,-79.09999847,"NC","$4,431","21%",4431,0.21
199139,"University of North Carolina at Charlotte",35.29999924,-80.69999695,"NC","$8,307","40%",8307,0.4
199148,"University of North Carolina at Greensboro",36.09999847,-79.80000305,"NC","$7,923","44%",7923,0.44
199281,"University of North Carolina at Pembroke",34.70000076,-79.19999695,"NC","$9,002","55%",9002,0.55
199184,"University of North Carolina School of the Arts",36.09999847,-80.19999695,"NC","$6,474","32%",6474,0.32
199218,"University of North Carolina Wilmington",34.20000076,-77.90000153,"NC","$10,912","29%",10912,0.29
200280,"University of North Dakota",47.90000153,-97.09999847,"ND","$12,248","20%",12248,0.2
136172,"University of North Florida",30.29999924,-81.5,"FL","$6,445","32%",6445,0.32
227216,"University of North Texas",33.20000076,-97.19999695,"TX","$1,875","37%",1875,0.37
127741,"University of Northern Colorado",40.40000153,-104.6999969,"CO","$13,998","34%",13998,0.34
154095,"University of Northern Iowa",42.5,-92.5,"IA","$10,283","26%",10283,0.26
207500,"University of Oklahoma-Norman Campus",35.20000076,-97.40000153,"OK","$12,803","24%",12803,0.24
209551,"University of Oregon",44,-123.0999985,"OR","$12,083","25%",12083,0.25
215266,"University of Pittsburgh-Bradford",41.90000153,-78.69999695,"PA","$14,020","44%",14020,0.44
215275,"University of Pittsburgh-Greensburg",40.29999924,-79.5,"PA","$13,703","52%",13703,0.52
215284,"University of Pittsburgh-Johnstown",40.29999924,-78.80000305,"PA","$15,057","31%",15057,0.31
215293,"University of Pittsburgh-Pittsburgh Campus",40.40000153,-80,"PA","$21,233","17%",21233,0.17
217484,"University of Rhode Island",41.5,-71.5,"RI","$11,895","27%",11895,0.27
207722,"University of Science and Arts of Oklahoma",35,-98,"OK","$4,477","43%",4477,0.43
102094,"University of South Alabama",30.70000076,-88.19999695,"AL","$10,927","39%",10927,0.39
218645,"University of South Carolina-Aiken",33.59999847,-81.80000305,"SC","$13,112","40%",13112,0.4
218654,"University of South Carolina-Beaufort",32.29999924,-81,"SC","$14,612","39%",14612,0.39
218663,"University of South Carolina-Columbia",34,-81,"SC","$16,496","23%",16496,0.23
218742,"University of South Carolina-Upstate",35,-82,"SC","$14,025","46%",14025,0.46
219471,"University of South Dakota",42.79999924,-96.90000153,"SD","$12,819","27%",12819,0.27
137351,"University of South Florida-Main Campus",28.10000038,-82.40000153,"FL","$6,735","42%",6735,0.42
448840,"University of South Florida-St Petersburg",27.79999924,-82.59999847,"FL","$8,712","41%",8712,0.41000000000000003
151306,"University of Southern Indiana",38,-87.69999695,"IN","$8,465","32%",8465,0.32
161554,"University of Southern Maine",43.70000076,-70.30000305,"ME","$13,893","36%",13893,0.36
176372,"University of Southern Mississippi",31.29999924,-89.30000305,"MS","$11,904","49%",11904,0.49
131399,"University of the District of Columbia",38.90000153,-77.09999847,"DC","$15,629","54%",15629,0.54
206084,"University of Toledo",41.70000076,-83.59999847,"OH","$12,426","36%",12426,0.36
230764,"University of Utah",40.79999924,-111.8000031,"UT","$11,640","31%",11640,0.31
231174,"University of Vermont",44.5,-73.19999695,"VT","$10,742","18%",10742,0.18
234076,"University of Virginia-Main Campus",38,-78.5,"VA","$9,615","13%",9615,0.13
377555,"University of Washington-Bothell Campus",47.79999924,-122.1999969,"WA","$7,304","34%",7304,0.34
236948,"University of Washington-Seattle Campus",47.70000076,-122.3000031,"WA","$7,054","25%",7054,0.25
377564,"University of Washington-Tacoma Campus",47.20000076,-122.4000015,"WA","$7,710","48%",7710,0.48
101587,"University of West Alabama",32.59999847,-88.19999695,"AL","$11,751","53%",11751,0.53
141334,"University of West Georgia",33.59999847,-85.09999847,"GA","$12,581","51%",12581,0.51
240268,"University of Wisconsin-Eau Claire",44.79999924,-91.5,"WI","$8,695","27%",8695,0.27
240277,"University of Wisconsin-Green Bay",44.5,-87.90000153,"WI","$8,848","31%",8848,0.31
240329,"University of Wisconsin-La Crosse",43.79999924,-91.19999695,"WI","$9,225","22%",9225,0.22
240444,"University of Wisconsin-Madison",43.09999847,-89.40000153,"WI","$9,235","15%",9235,0.15
240453,"University of Wisconsin-Milwaukee",43.09999847,-87.90000153,"WI","$12,135","36%",12135,0.36
240365,"University of Wisconsin-Oshkosh",44,-88.5,"WI","$9,280","26%",9280,0.26
240374,"University of Wisconsin-Parkside",42.59999847,-87.90000153,"WI","$6,925","44%",6925,0.44
240462,"University of Wisconsin-Platteville",42.70000076,-90.5,"WI","$9,518","29%",9518,0.29
240471,"University of Wisconsin-River Falls",44.90000153,-92.59999847,"WI","$9,220","31%",9220,0.31
240480,"University of Wisconsin-Stevens Point",44.5,-89.59999847,"WI","$8,295","34%",8295,0.34
240417,"University of Wisconsin-Stout",44.90000153,-91.90000153,"WI","$10,183","30%",10183,0.3
240426,"University of Wisconsin-Superior",46.70000076,-92.09999847,"WI","$7,922","41%",7922,0.41000000000000003
240189,"University of Wisconsin-Whitewater",42.79999924,-88.69999695,"WI","$8,260","30%",8260,0.3
240727,"University of Wyoming",41.29999924,-105.5999985,"WY","$7,886","24%",7886,0.24
230728,"Utah State University",41.70000076,-111.8000031,"UT","$10,895","36%",10895,0.36
230737,"Utah Valley University",40.29999924,-111.6999969,"UT","$6,750","39%",6750,0.39
141264,"Valdosta State University",30.79999924,-83.30000305,"GA","$11,900","47%",11900,0.47000000000000003
200572,"Valley City State University",46.90000153,-98,"ND","$9,158","23%",9158,0.23
231165,"Vermont Technical College",43.90000153,-72.59999847,"VT","$15,069","28%",15069,0.28
152637,"Vincennes University",38.70000076,-87.5,"IN","$8,743","21%",8743,0.21
234030,"Virginia Commonwealth University",37.5,-77.5,"VA","$15,187","29%",15187,0.29
233921,"Virginia Polytechnic Institute and State University",37.20000076,-80.40000153,"VA","$12,446","17%",12446,0.17
234155,"Virginia State University",37.20000076,-77.40000153,"VA","$12,934","71%",12934,0.71
156082,"Washburn University",39,-95.69999695,"KS","$9,052","36%",9052,0.36
236939,"Washington State University",46.70000076,-117.1999969,"WA","$10,296","34%",10296,0.34
181783,"Wayne State College",42.20000076,-97,"NE","$9,202","37%",9202,0.37
172644,"Wayne State University",42.40000153,-83.09999847,"MI","$9,909","48%",9909,0.48
230782,"Weber State University",41.20000076,-111.9000015,"UT","$9,252","29%",9252,0.29
216764,"West Chester University of Pennsylvania",39.90000153,-75.59999847,"PA","$15,937","24%",15937,0.24
237932,"West Liberty University",40.20000076,-80.59999847,"WV","$9,432","39%",9432,0.39
229814,"West Texas A & M University",35,-101.9000015,"TX","$8,400","39%",8400,0.39
237899,"West Virginia State University",38.40000153,-81.80000305,"WV","$5,786","46%",5786,0.46
238032,"West Virginia University",39.59999847,-80,"WV","$7,033","26%",7033,0.26
237686,"West Virginia University at Parkersburg",39.20000076,-81.5,"WV","$7,722","49%",7722,0.49
237950,"West Virginia University Institute of Technology",38.20000076,-81.30000305,"WV","$5,656","41%",5656,0.41000000000000003
200004,"Western Carolina University",35.29999924,-83.09999847,"NC","$9,009","38%",9009,0.38
130776,"Western Connecticut State University",41.40000153,-73.40000153,"CT","$14,257","31%",14257,0.31
149772,"Western Illinois University",40.5,-90.69999695,"IL","$14,317","44%",14317,0.44
157951,"Western Kentucky University",37,-86.5,"KY","$10,933","37%",10933,0.37
172699,"Western Michigan University",42.29999924,-85.59999847,"MI","$12,464","39%",12464,0.39
182564,"Western Nevada College",39.20000076,-119.8000031,"NV","$7,492","44%",7492,0.44
188304,"Western New Mexico University",32.79999924,-108.3000031,"NM","$10,961","48%",10961,0.48
210429,"Western Oregon University",44.90000153,-123.1999969,"OR","$13,022","43%",13022,0.43
128391,"Western State Colorado University",38.5,-106.9000015,"CO","$11,470","30%",11470,0.3
237011,"Western Washington University",48.70000076,-122.5,"WA","$8,762","26%",8762,0.26
168263,"Westfield State University",42.09999847,-72.80000305,"MA","$11,181","34%",11181,0.34
156125,"Wichita State University",37.70000076,-97.30000305,"KS","$11,945","36%",11945,0.36
187444,"William Paterson University of New Jersey",40.90000153,-74.19999695,"NJ","$10,657","42%",10657,0.42
175272,"Winona State University",44,-91.59999847,"MN","$12,767","26%",12767,0.26
199999,"Winston-Salem State University",36.09999847,-80.19999695,"NC","$5,912","58%",5912,0.58
218964,"Winthrop University",34.90000153,-81,"SC","$13,770","40%",13770,0.4
168430,"Worcester State University",42.29999924,-71.80000305,"MA","$12,649","28%",12649,0.28
206604,"Wright State University-Main Campus",39.79999924,-84.09999847,"OH","$11,908","38%",11908,0.38
206695,"Youngstown State University",41.09999847,-80.59999847,"OH","$8,876","49%",8876,0.49
null,"Mesa State College",null,null,"CO",,,,
null,"Sinta Gleska University",null,null,"SD",,,,
null,"State University of New York at Farmingdale",null,null,"NY",,,,
null,"State University of New York at Stony Brook",null,null,"NY",,,,
null,"SUNY College at Buffalo",null,null,"NY",,,,
null,"Califonia State University-Sacramento",null,null,"CA",,,,
null,"North Georgia College & State University",null,null,"GA",,,,
null,"Salish Kootenai College",null,null,"MT",,,,